cargo;id_rh;ramal;nome_completo;data_de_nascimento;data_de_contratacao;data_de_demissao;dias_uteis_trabalhados_ano_orcamentario;impostos;beneficios;vt;vr;bandeira;codigos;quantidade_de_acessos;ferias_acumuladas;ferias_remuneradas;horas_extras;valores_adicionais;id_de_pessoal;id_da_area;sensitive_key;nivel;area;cod_area;cod_nivel;quadro;bonus;contratacao;plano_odontologico;plano_de_carreira;plano_de_saude
LOIV;13;2749;Luca Costa;1977-09-24;2008-11-30;;196;11490;4596;176;658,56;;JDK1450-NTV;140;45;;117;;;545;658LOIV6968;Gerente;Logísitca;EDE;ID;Efetivo;S;Diretoria;Sim;Não;Sim
LOIV;43;2982;Guilherme Araujo Kelly;1981-12-28;2003-10-10;2006-11-24;239;1659,5;663,8;308;803,04;;LTK4563-NCS;95;0;;53;;;545;233LOIV2741;Gerente;Logísitca;EDE;ID;Efetivo;S;Diretoria;Sim;Não;Sim
LOIV;109;4879;Bruna Calmon;1972-01-19;1991-08-18;;186;7538;3015,2;242;624,96;;JEW9356-YGT;146;0;;41;;;545;177LOIV5607;Gerente;Logísitca;EDE;ID;Efetivo;S;Diretoria;Sim;Não;Sim
LOIV;153;1973;Izabel Costa;1978-05-16;2013-07-02;2014-12-25;191;12378;4951,2;264;641,76;;XZG4955-HSQ;82;44;;198;;;545;395LOIV3429;Gerente;Logísitca;EDE;ID;Efetivo;S;Diretoria;Sim;Não;Sim
LOIV;236;1482;Nicole Vaz;1972-02-08;1996-06-13;;150;8935,5;3574,2;154;504;;VOE1043-NCT;24;50;;60;;;545;316LOIV1253;Gerente;Logísitca;EDE;ID;Efetivo;S;Diretoria;Sim;Não;Sim
LOIV;339;6187;Rodrigo Funcke;1982-03-01;2011-10-19;2018-01-05;223;666;266,4;176;749,28;;UML5986-MWU;33;32;;131;;;545;783LOIV9319;Gerente;Logísitca;EDE;ID;Efetivo;S;Diretoria;Sim;Não;Sim
LOIV;343;5980;Audir Muniz;1988-02-01;2006-01-27;;191;1060,5;424,2;220;641,76;;YEM8035-WOK;66;51;;189;;;545;147LOIV1585;Gerente;Logísitca;EDE;ID;Efetivo;S;Diretoria;Sim;Não;Sim
LOIV;349;1006;Bruno Sobrinho Pereira;1975-05-07;2004-08-19;2007-06-09;221;836,5;334,6;308;742,56;;MRQ2291-CDU;85;13;;104;;;545;965LOIV8172;Gerente;Logísitca;EDE;ID;Efetivo;S;Diretoria;Sim;Não;Sim
LOIV;448;1586;Ana Fernandes Filardi;1975-10-26;2012-08-17;;186;9190,5;3676,2;286;624,96;;DBQ3271-TXH;64;11;;28;;;545;227LOIV1688;Gerente;Logísitca;EDE;ID;Efetivo;S;Diretoria;Sim;Não;Sim
LOIV;480;5430;Mauricio Jardim;1971-11-21;1997-03-24;;167;2283;913,2;308;561,12;;CXQ4485-TJT;140;22;;195;;;545;997LOIV4351;Gerente;Logísitca;EDE;ID;Efetivo;S;Diretoria;Sim;Não;Sim
FIIII;27;6002;Carolina Monteiro;1991-03-17;2010-08-02;;189;932,5;373;198;635,04;;WRY5193-OZU;99;54;;9;;;322;633FIIII3219;Coordenador;Financeiro;CBB;DB;Terceiro;N;RH;Não;Sim;Sim
FIIII;67;1546;Carla Amiccuci Areias;1986-05-05;2004-04-30;;247;6027;2410,8;308;829,92;;MUC8795-XTC;65;35;;91;;;322;777FIIII4478;Coordenador;Financeiro;CBB;DB;Terceiro;N;RH;Não;Sim;Sim
FIIII;82;1463;Rafael Soares dos Santos;1987-02-02;2005-01-28;2010-04-15;156;3338,5;1335,4;264;524,16;;LTM9276-UTH;121;47;;148;;;322;325FIIII8288;Coordenador;Financeiro;CBB;DB;Terceiro;N;RH;Não;Sim;Sim
FIIII;106;4523;José Cardeman;1997-12-03;2015-11-29;2018-01-05;245;2313;925,2;242;823,2;;FOR5614-QHB;132;22;;175;;;322;340FIIII9209;Coordenador;Financeiro;CBB;DB;Terceiro;N;RH;Não;Sim;Sim
FIIII;125;5062;Débora Pereira Ribeiro;1976-07-08;1996-12-16;;205;5383;2153,2;308;688,8;;FBU1511-YVC;76;51;;190;;;322;469FIIII1737;Coordenador;Financeiro;CBB;DB;Terceiro;N;RH;Não;Sim;Sim
FIIII;128;7582;Lucas Pinheiro Oliveira;1971-05-12;2007-07-15;2009-10-05;244;12010,5;4804,2;264;819,84;;FXA3626-JFJ;104;28;;52;;;322;595FIIII7796;Coordenador;Financeiro;CBB;DB;Terceiro;N;RH;Não;Sim;Sim
FIIII;146;2087;Carolina da Silva;1997-04-14;2015-04-10;2016-06-09;222;10677;4270,8;176;745,92;;OAF8645-BHY;54;53;;20;;;322;667FIIII4128;Coordenador;Financeiro;CBB;DB;Terceiro;N;RH;Não;Sim;Sim
FIIII;167;5871;Aledio Villié Cerqueira Silva;1975-09-07;2003-06-09;;187;1762,5;705;176;628,32;;QBV3390-SGX;78;50;;16;;;322;562FIIII5167;Coordenador;Financeiro;CBB;DB;Terceiro;N;RH;Não;Sim;Sim
FIIII;188;5113;Bruna Serva;1978-10-17;2002-10-29;;223;683,5;273,4;198;749,28;;WED8730-LDO;62;34;;66;;;322;299FIIII0606;Coordenador;Financeiro;CBB;DB;Terceiro;N;RH;Não;Sim;Sim
FIIII;204;1131;Tiago Leal Pedrosa;1984-11-01;2002-10-28;;159;12205;4882;176;534,24;;COC7285-VSZ;36;48;;100;;;322;615FIIII6676;Coordenador;Financeiro;CBB;DB;Terceiro;N;RH;Não;Sim;Sim
FIIII;321;1321;Bruna Mello Varela;1989-08-04;2014-04-27;;236;10427;4170,8;242;792,96;;LPK5034-HQO;72;14;;22;;;322;795FIIII8030;Coordenador;Financeiro;CBB;DB;Terceiro;N;RH;Não;Sim;Sim
FIIII;337;6765;Carolina de Souza Almeida;1980-02-07;2009-04-17;;184;2432;972,8;308;618,24;;FIR9550-NPZ;143;0;;51;;;322;422FIIII1935;Coordenador;Financeiro;CBB;DB;Terceiro;N;RH;Não;Sim;Sim
FIIII;353;6778;Pedro Helal;1974-06-09;1999-05-06;;225;10959,5;4383,8;220;756;;KVV5843-ZWR;92;42;;157;;;322;719FIIII0306;Coordenador;Financeiro;CBB;DB;Terceiro;N;RH;Não;Sim;Sim
FIIII;370;7975;Bárbara Rodrigues;1999-03-14;2017-03-09;2018-01-05;201;4169,5;1667,8;154;675,36;;QLW8867-MDK;140;26;;103;;;322;527FIIII6544;Coordenador;Financeiro;CBB;DB;Terceiro;N;RH;Não;Sim;Sim
FIIII;394;1526;Matheus Iglezias Perdomo;1973-09-04;2004-09-22;;187;3728,5;1491,4;154;628,32;;VTG9961-QLP;65;12;;59;;;322;903FIIII1706;Coordenador;Financeiro;CBB;DB;Terceiro;N;RH;Não;Sim;Sim
FIIII;397;4368;Renan Steiner Costa;1993-01-16;2011-01-12;2012-07-08;187;9174;3669,6;264;628,32;;KWS9951-JBR;58;57;;196;;;322;994FIIII3687;Coordenador;Financeiro;CBB;DB;Terceiro;N;RH;Não;Sim;Sim
FIIII;449;3932;José do Vale Lisboa;1989-11-18;2013-01-05;;160;7411,5;2964,6;198;537,6;;ZXC4058-KTJ;132;7;;122;;;322;175FIIII5211;Coordenador;Financeiro;CBB;DB;Terceiro;N;RH;Não;Sim;Sim
FIIII;488;5521;Stefan Silva;1993-04-06;2011-04-02;;208;6904;2761,6;176;698,88;;SJI5014-MFA;80;26;;142;;;322;855FIIII0719;Coordenador;Financeiro;CBB;DB;Terceiro;N;RH;Não;Sim;Sim
FIIII;494;1504;Helena Carramanhos Peixoto ;1980-09-23;2001-03-18;;205;8310,5;3324,2;154;688,8;;YGU3034-TQK;77;52;;200;;;322;307FIIII0502;Coordenador;Financeiro;CBB;DB;Terceiro;N;RH;Não;Sim;Sim
FIIII;539;7334;Renan Assis da Silva;1970-06-02;2003-09-04;2006-12-20;241;4466;1786,4;220;809,76;;CRK2830-LYP;114;58;;142;;;322;581FIIII5235;Coordenador;Financeiro;CBB;DB;Terceiro;N;RH;Não;Sim;Sim
ADIV;88;4473;Aline de Souza;1981-09-04;2011-03-29;;154;2091;836,4;286;517,44;;KAT9516-NRF;117;37;;93;;;213;876ADIV9681;Gerente;Administrativo;BAC;ID;Efetivo;S;RH;Sim;Não;Sim
ADIV;290;3705;Bruna Jimenez Jimbo;1994-09-23;2012-09-18;;151;9192,5;3677;198;507,36;;GQH6831-VBD;70;14;;29;;;213;309ADIV3848;Gerente;Administrativo;BAC;ID;Efetivo;S;RH;Sim;Não;Sim
ADIV;352;2827;João Silva Longo de Jesus Viana;1977-07-15;1996-05-13;;236;3916;1566,4;286;792,96;;QSG2376-YNW;21;60;;88;;;213;182ADIV8500;Gerente;Administrativo;BAC;ID;Efetivo;S;RH;Sim;Não;Sim
ADIV;420;4685;Giovanna Fahrnholz;1999-05-27;2017-05-22;;244;1488,5;595,4;308;819,84;;QBA5326-ZSM;106;17;;183;;;213;309ADIV3207;Gerente;Administrativo;BAC;ID;Efetivo;S;RH;Sim;Não;Sim
ADIV;477;4341;Thayane Wermelinger Santos;1991-11-16;2009-11-11;;222;8093,5;3237,4;308;745,92;;OPC7045-TPG;119;47;;8;;;213;873ADIV2331;Gerente;Administrativo;BAC;ID;Efetivo;S;RH;Sim;Não;Sim
ADIV;525;7313;Nathália Fernandes de Araújo;1978-04-27;2017-09-24;;244;1687,5;675;308;819,84;;WOA7495-SRZ;79;1;;124;;;213;302ADIV4096;Gerente;Administrativo;BAC;ID;Efetivo;S;RH;Sim;Não;Sim
ADI;3;7736;Amanda Marques Ribeiro;1990-01-07;2008-01-03;;217;8033;3213,2;154;729,12;;AJB6796-ZAR;110;60;;188;;;213;943ADI3914;Estagiário;Administrativo;BAC;JA;Efetivo;N;Gerente;Não;Sim;Sim
ADI;23;2198;Bárbara Spenchutt Vieira;1997-09-30;2017-06-20;;221;4701;1880,4;154;742,56;;QAU7458-YVM;87;46;;196;;;213;698ADI2496;Estagiário;Administrativo;BAC;JA;Efetivo;N;Gerente;Não;Sim;Sim
ADI;51;7094;Matheus Sepúlveda;1984-01-01;2013-06-01;;238;6416;2566,4;242;799,68;;JKJ2027-WKV;126;14;;44;;;213;173ADI8263;Estagiário;Administrativo;BAC;JA;Efetivo;N;Gerente;Não;Sim;Sim
ADI;54;3944;Patrick da Silva Farias ;1994-01-27;2012-01-23;;196;11695,5;4678,2;220;658,56;;MYD2075-XEK;149;22;;76;;;213;289ADI0491;Estagiário;Administrativo;BAC;JA;Efetivo;N;Gerente;Não;Sim;Sim
ADI;83;5233;Larissa do Nascimento Lima;1987-11-17;2007-09-05;;198;3354;1341,6;198;665,28;;OGF6863-XQK;146;21;;59;;;213;609ADI1624;Estagiário;Administrativo;BAC;JA;Efetivo;N;Gerente;Não;Sim;Sim
ADI;86;4743;Felipe Jordão Teixeira;1988-05-18;2006-05-14;;205;4531;1812,4;308;688,8;;ACH6405-MLG;40;9;;67;;;213;973ADI2192;Estagiário;Administrativo;BAC;JA;Efetivo;N;Gerente;Não;Sim;Sim
ADI;90;1952;Bruna Tavares Vasconcelos;1980-09-29;2017-08-26;;176;6050,5;2420,2;176;591,36;;WLJ3935-FTH;37;39;;103;;;213;887ADI7877;Estagiário;Administrativo;BAC;JA;Efetivo;N;Gerente;Não;Sim;Sim
ADI;115;5246;Pedro Wermelinger Santos;1990-08-23;2011-03-04;2015-11-12;215;9614;3845,6;308;722,4;;OKU7037-BJX;148;58;;73;;;213;845ADI1362;Estagiário;Administrativo;BAC;JA;Efetivo;N;Gerente;Não;Sim;Sim
ADI;126;1652;Karine Gusmão;1971-07-06;1991-02-27;1998-04-10;199;2000,5;800,2;154;668,64;;HBD7281-EHW;66;53;;167;;;213;600ADI2660;Estagiário;Administrativo;BAC;JA;Efetivo;N;Gerente;Não;Sim;Sim
ADI;147;3177;Andre Junior;1986-02-15;2006-03-03;2008-03-17;205;3074;1229,6;264;688,8;;IED8054-DQM;88;60;;72;;;213;513ADI8990;Estagiário;Administrativo;BAC;JA;Efetivo;N;Gerente;Não;Sim;Sim
ADI;159;7804;Hannah de Oliveira;1999-11-02;2017-10-28;2018-01-05;173;5872,5;2349;198;581,28;;ACB9527-KPK;81;38;;161;;;213;317ADI4284;Estagiário;Administrativo;BAC;JA;Efetivo;N;Gerente;Não;Sim;Sim
ADI;160;3864;Eduardo Ramos;1971-11-30;2010-05-16;;237;11925;4770;286;796,32;;BBQ5347-BRZ;102;3;;180;;;213;631ADI1818;Estagiário;Administrativo;BAC;JA;Efetivo;N;Gerente;Não;Sim;Sim
ADI;185;5681;Clarissa Ferreira;1980-06-25;2013-08-24;;198;5197;2078,8;286;665,28;;XDN5081-OLZ;49;41;;187;;;213;267ADI1276;Estagiário;Administrativo;BAC;JA;Efetivo;N;Gerente;Não;Sim;Sim
ADI;187;7878;Guilherme Delgado;1976-12-28;2002-09-30;;209;7268;2907,2;176;702,24;;AVA5838-JSB;84;30;;105;;;213;213ADI3891;Estagiário;Administrativo;BAC;JA;Efetivo;N;Gerente;Não;Sim;Sim
ADI;199;7619;Pedro Araujo Kelly;1982-03-28;2005-06-03;;241;6365;2546;242;809,76;;BLO2663-MNF;59;12;;54;;;213;758ADI2371;Estagiário;Administrativo;BAC;JA;Efetivo;N;Gerente;Não;Sim;Sim
ADI;237;5040;Ananda Garcia Soares;1979-08-17;2014-07-23;;232;10361,5;4144,6;286;779,52;;GXW7594-VTA;148;44;;45;;;213;871ADI6350;Estagiário;Administrativo;BAC;JA;Efetivo;N;Gerente;Não;Sim;Sim
ADI;261;7776;Eduarda Chagas;1976-10-28;2016-09-11;;154;2267;906,8;242;517,44;;WWD2891-ZWA;70;56;;149;;;213;267ADI7285;Estagiário;Administrativo;BAC;JA;Efetivo;N;Gerente;Não;Sim;Sim
ADI;285;1968;Henrique Moreira de Brito;1974-11-07;2004-07-18;;182;12199,5;4879,8;220;611,52;;CDM8570-SDR;61;48;;57;;;213;593ADI3069;Estagiário;Administrativo;BAC;JA;Efetivo;N;Gerente;Não;Sim;Sim
ADI;288;6255;Beatriz Machado Araujo;1985-07-13;2010-11-01;;178;1159;463,6;176;598,08;;BOS3081-RMF;123;26;;75;;;213;152ADI8847;Estagiário;Administrativo;BAC;JA;Efetivo;N;Gerente;Não;Sim;Sim
ADI;298;5138;Isabella Meirelles;1980-04-16;2010-08-01;2018-01-05;224;4747,5;1899;198;752,64;;EWF3874-KIX;103;52;;20;;;213;139ADI2552;Estagiário;Administrativo;BAC;JA;Efetivo;N;Gerente;Não;Sim;Sim
ADI;302;7135;Renata Pinheiro;1975-04-16;2014-09-21;;151;6510;2604;176;507,36;;KFV8060-XON;51;7;;149;;;213;423ADI1505;Estagiário;Administrativo;BAC;JA;Efetivo;N;Gerente;Não;Sim;Sim
ADI;303;6631;Matheus Andrade Machado ;1998-04-15;2016-04-10;;204;2792;1116,8;198;685,44;;UVU8426-QGG;25;25;;29;777;;213;133ADI2758;Estagiário;Administrativo;BAC;JA;Efetivo;N;Gerente;Não;Sim;Sim
ADI;323;1936;Rafael Rodrigues de Sousa;1999-05-04;2017-04-29;;179;9778,5;3911,4;264;601,44;;KLQ3683-XYV;108;33;;72;;;213;475ADI0858;Estagiário;Administrativo;BAC;JA;Efetivo;N;Gerente;Não;Sim;Sim
ADI;331;3275;Jayme Carvalho;1986-03-01;2009-02-10;;245;1002,5;401;242;823,2;;BDL9590-SWP;143;50;;125;;;213;281ADI7889;Estagiário;Administrativo;BAC;JA;Efetivo;N;Gerente;Não;Sim;Sim
ADI;332;3265;Luíza Roussef;1992-02-10;2010-02-05;;217;3181;1272,4;308;729,12;;LKG2402-LJG;23;3;;95;;;213;552ADI3169;Estagiário;Administrativo;BAC;JA;Efetivo;N;Gerente;Não;Sim;Sim
ADI;334;4517;Ana de Sá Foly;1998-12-15;2016-12-10;;164;8726,5;3490,6;286;551,04;;DUR3603-QTI;134;8;;1;;;213;781ADI2980;Estagiário;Administrativo;BAC;JA;Efetivo;N;Gerente;Não;Sim;Sim
ADI;347;4036;Daniel Alvarenga dos Santos;1997-10-28;2015-10-24;;163;11854;4741,6;220;547,68;;DKE9171-XKI;34;45;;147;;;213;299ADI4256;Estagiário;Administrativo;BAC;JA;Efetivo;N;Gerente;Não;Sim;Sim
ADI;369;2043;Larissa Leal Pedrosa;1997-03-26;2015-03-22;;229;8786;3514,4;220;769,44;;XSR4690-VJK;148;35;;11;;;213;972ADI8221;Estagiário;Administrativo;BAC;JA;Efetivo;N;Gerente;Não;Sim;Sim
ADI;384;3798;Eugênio Galvão de Souza;1978-04-26;2008-07-11;2010-06-09;166;6265,5;2506,2;264;557,76;;JOP6259-CLP;28;51;;52;;;213;347ADI5930;Estagiário;Administrativo;BAC;JA;Efetivo;N;Gerente;Não;Sim;Sim
ADI;392;6420;Carlos Amorim;1981-02-07;2013-10-05;;162;5784;2313,6;176;544,32;;OKE7134-WNZ;86;29;;167;;;213;955ADI5674;Estagiário;Administrativo;BAC;JA;Efetivo;N;Gerente;Não;Sim;Sim
ADI;406;7962;Carolina Racy;1989-11-10;2007-11-06;;227;3017;1206,8;308;762,72;;OLE3328-SRU;43;8;;26;;;213;162ADI9641;Estagiário;Administrativo;BAC;JA;Efetivo;N;Gerente;Não;Sim;Sim
ADI;414;5041;Marianna Oliveira Leite Silva;1980-04-29;2002-03-20;;220;10344,5;4137,8;242;739,2;;EFW8857-QVN;136;9;;166;;;213;598ADI5453;Estagiário;Administrativo;BAC;JA;Efetivo;N;Gerente;Não;Sim;Sim
ADI;415;6257;Lucas Alvarenga dos Santos;1994-06-25;2012-06-20;;208;4196;1678,4;220;698,88;;PZH9261-TLA;47;12;;132;;;213;436ADI4879;Estagiário;Administrativo;BAC;JA;Efetivo;N;Gerente;Não;Sim;Sim
ADI;435;2555;Ana Barbosa;1985-06-06;2003-06-02;2004-11-19;169;8278,5;3311,4;308;567,84;;BPJ9513-XRW;139;32;;17;;;213;519ADI7765;Estagiário;Administrativo;BAC;JA;Efetivo;N;Gerente;Não;Sim;Sim
ADI;521;6542;Ébio Velucci;1994-09-27;2012-09-22;;179;5701,5;2280,6;198;601,44;;SQV8470-OAF;78;5;;83;;;213;978ADI1477;Estagiário;Administrativo;BAC;JA;Efetivo;N;Gerente;Não;Sim;Sim
ADI;522;4781;Victor Fonseca;1990-03-23;2016-02-08;2018-01-05;173;12283;4913,2;154;581,28;;IEU8913-HAN;129;53;;188;;;213;447ADI7290;Estagiário;Administrativo;BAC;JA;Efetivo;N;Gerente;Não;Sim;Sim
ADI;529;2708;Daniele Blumberg;1982-09-17;2017-03-31;;215;6063,5;2425,4;154;722,4;;PDD9944-NQU;143;52;;147;;;213;261ADI2563;Estagiário;Administrativo;BAC;JA;Efetivo;N;Gerente;Não;Sim;Sim
ADI;533;4853;Bernardo Magno;1985-03-22;2005-12-03;;155;7029;2811,6;220;520,8;;ITL2023-OIC;32;41;;174;;;213;320ADI2248;Estagiário;Administrativo;BAC;JA;Efetivo;N;Gerente;Não;Sim;Sim
COII;36;5928;Victor Mota;1971-08-20;1994-09-20;;238;9728;3891,2;286;799,68;;VVK1309-OJI;22;49;;185;;;011;534COII5034;Analista;Comercial;JAA;DB;Terceiro;N;RH;Não;Sim;Sim
COII;41;6765;Leticia Mota;1975-01-21;2011-12-04;2016-11-02;247;8193;3277,2;198;829,92;;QZB6798-HOP;95;15;;63;;;011;580COII2611;Analista;Comercial;JAA;DB;Terceiro;N;RH;Não;Sim;Sim
COII;45;5360;Mariana Martins;1993-04-28;2011-04-24;;155;1687;674,8;286;520,8;;FYY9183-YVG;100;55;;142;;;011;971COII3834;Analista;Comercial;JAA;DB;Terceiro;N;RH;Não;Sim;Sim
COII;73;5685;José Rodrigues Pereira;1972-09-30;2001-07-11;;206;1219,5;487,8;264;692,16;;TOR4124-UEA;147;33;;190;;;011;714COII3420;Analista;Comercial;JAA;DB;Terceiro;N;RH;Não;Sim;Sim
COII;78;2323;Gabriel Castro Cerqueira;1996-05-22;2014-05-18;;153;9543;3817,2;264;514,08;;WMJ8165-DVQ;32;8;;12;;;011;975COII6968;Analista;Comercial;JAA;DB;Terceiro;N;RH;Não;Sim;Sim
COII;80;7584;Frederico Vidal;1985-05-21;2010-05-29;;154;3916,5;1566,6;220;517,44;;IOJ6041-JEL;38;45;;86;;;011;856COII9679;Analista;Comercial;JAA;DB;Terceiro;N;RH;Não;Sim;Sim
COII;113;4619;Aline Santos Silva;1981-08-17;2015-02-15;;205;11443,5;4577,4;242;688,8;;TBN9839-DTP;53;23;;64;;;011;734COII9006;Analista;Comercial;JAA;DB;Terceiro;N;RH;Não;Sim;Sim
COII;124;5724;Carolina Gonçalves Lixa Fontoura;1984-05-18;2013-06-09;;205;6279,5;2511,8;242;688,8;;WFF5385-SAG;61;48;;6;;;011;588COII7399;Analista;Comercial;JAA;DB;Terceiro;N;RH;Não;Sim;Sim
COII;137;3810;Stefan Vargas;1976-01-01;1994-07-14;;194;8718,5;3487,4;176;651,84;;NCP8415-LEP;88;11;;48;;;011;673COII9746;Analista;Comercial;JAA;DB;Terceiro;N;RH;Não;Sim;Sim
COII;138;1930;Maria Lopes de Almeida;1996-09-06;2014-09-02;;164;6946,5;2778,6;242;551,04;;CMH9765-QFZ;148;4;;173;321;;011;390COII3037;Analista;Comercial;JAA;DB;Terceiro;N;RH;Não;Sim;Sim
COII;140;3037;Fernanda Santo;1981-07-18;2003-04-07;2011-02-04;192;3627;1450,8;308;645,12;;IFY3546-LXH;122;28;;59;;;011;537COII3836;Analista;Comercial;JAA;DB;Terceiro;N;RH;Não;Sim;Sim
COII;145;3994;Arnôr Penedo;1996-02-24;2014-02-19;2018-01-05;191;4423;1769,2;220;641,76;;CFN2925-ZRC;123;31;;94;;;011;716COII8356;Analista;Comercial;JAA;DB;Terceiro;N;RH;Não;Sim;Sim
COII;150;7157;Eduardo Brum;1990-05-22;2008-05-17;;229;7969,5;3187,8;220;769,44;;VGE5952-CAR;43;50;;157;;;011;182COII2971;Analista;Comercial;JAA;DB;Terceiro;N;RH;Não;Sim;Sim
COII;172;3887;Luis Guimarães;1974-04-12;2011-08-08;;247;11546;4618,4;198;829,92;;RCH3090-JTB;129;41;;17;;;011;280COII5014;Analista;Comercial;JAA;DB;Terceiro;N;RH;Não;Sim;Sim
COII;174;7951;Daniel Benevides Xavier;1985-02-05;2007-03-04;;201;5304;2121,6;176;675,36;;ROY4005-NPY;82;46;;102;;;011;127COII5314;Analista;Comercial;JAA;DB;Terceiro;N;RH;Não;Sim;Sim
COII;184;6816;Paula Gonçalves Gomes;1972-01-21;1990-06-17;;214;4953;1981,2;176;719,04;;TFK3048-IZZ;20;49;;161;;;011;790COII3304;Analista;Comercial;JAA;DB;Terceiro;N;RH;Não;Sim;Sim
COII;200;6305;Leticia Orichio;1978-10-06;2013-06-18;;241;12474,5;4989,8;308;809,76;;UBH1373-WRL;113;13;;134;;;011;732COII2726;Analista;Comercial;JAA;DB;Terceiro;N;RH;Não;Sim;Sim
COII;210;1656;Gabriel Viana;1974-03-31;2004-01-31;;218;8757;3502,8;308;732,48;;LGM8331-VHI;50;10;;187;;;011;819COII1249;Analista;Comercial;JAA;DB;Terceiro;N;RH;Não;Sim;Sim
COII;216;1742;Paula de Sousa Leite;1995-05-10;2013-05-05;;178;5671;2268,4;176;598,08;;ELX4796-NFG;62;40;;108;;;011;211COII2867;Analista;Comercial;JAA;DB;Terceiro;N;RH;Não;Sim;Sim
COII;274;3362;Isabella Delgado Fernandes;1992-04-26;2017-09-16;;198;1986;794,4;308;665,28;;EJT2724-MRY;30;40;;148;;;011;227COII3044;Analista;Comercial;JAA;DB;Terceiro;N;RH;Não;Sim;Sim
COII;363;6002;Anderson Dias Sampaio;1981-02-02;2001-07-30;;161;1834;733,6;264;540,96;;AMI7969-LAG;108;20;;45;;;011;733COII7436;Analista;Comercial;JAA;DB;Terceiro;N;RH;Não;Sim;Sim
COII;376;5712;Carolina Fontes;1990-01-07;2009-08-14;;213;10207,5;4083;176;715,68;;MPZ1159-IGE;52;41;;161;;;011;682COII3005;Analista;Comercial;JAA;DB;Terceiro;N;RH;Não;Sim;Sim
COII;423;1645;Ighor Araujo Kelly;1979-01-20;2016-04-23;2018-01-05;198;7062,5;2825;220;665,28;;YZW1739-GNS;150;21;;109;;;011;422COII2232;Analista;Comercial;JAA;DB;Terceiro;N;RH;Não;Sim;Sim
COII;442;7832;Lorena Fernandes;1980-10-19;2009-01-13;;205;4402,5;1761;176;688,8;;RMH7650-BMV;139;32;;1;;;011;391COII4371;Analista;Comercial;JAA;DB;Terceiro;N;RH;Não;Sim;Sim
COII;455;1318;Beatriz Barrozo;1988-05-18;2014-02-04;;188;8158;3263,2;176;631,68;;KPO9457-IEZ;145;58;;38;;;011;266COII3705;Analista;Comercial;JAA;DB;Terceiro;N;RH;Não;Sim;Sim
COII;459;2410;Marcelo Monnerat;1985-09-03;2012-08-15;;245;9657;3862,8;220;823,2;;JBN9435-LGC;130;52;;128;;;011;102COII0139;Analista;Comercial;JAA;DB;Terceiro;N;RH;Não;Sim;Sim
COII;472;6983;Bruna Santos Oliveira;1974-11-06;2010-10-12;2012-06-10;210;5275,5;2110,2;198;705,6;;QHP8469-ZXV;111;35;;30;;;011;474COII1692;Analista;Comercial;JAA;DB;Terceiro;N;RH;Não;Sim;Sim
COII;483;6927;Paloma Agostinho Marques dos Santos;1988-12-18;2006-12-14;;219;608,5;243,4;154;735,84;;LIK7648-UXH;105;58;;72;;;011;880COII9005;Analista;Comercial;JAA;DB;Terceiro;N;RH;Não;Sim;Sim
COII;486;5737;Beatriz de Lima Oliveira;1983-10-25;2001-10-20;;179;7678;3071,2;242;601,44;;TJZ5621-ZGI;99;36;;2;;;011;449COII1401;Analista;Comercial;JAA;DB;Terceiro;N;RH;Não;Sim;Sim
COII;491;4507;Mariana Sartorio;1985-01-16;2004-01-15;;225;8133,5;3253,4;308;756;;MOW8630-TZB;68;12;;155;;;011;951COII8006;Analista;Comercial;JAA;DB;Terceiro;N;RH;Não;Sim;Sim
COII;505;2192;Paulo de Oliveira e Mello     ;1976-09-04;1997-03-03;;152;9896;3958,4;242;510,72;;TFO7795-UXA;80;31;;118;;;011;201COII6459;Analista;Comercial;JAA;DB;Terceiro;N;RH;Não;Sim;Sim
COII;515;3915;Leandro Tabet;1971-12-07;2005-08-04;2015-07-14;156;5442,5;2177;176;524,16;;RDS9332-AQO;149;21;;120;;;011;529COII8260;Analista;Comercial;JAA;DB;Terceiro;N;RH;Não;Sim;Sim
COII;536;3572;Julia Novaes Silva;1992-11-08;2013-10-31;;173;3776;1510,4;154;581,28;;XWA4609-XHL;139;41;;44;;;011;486COII0200;Analista;Comercial;JAA;DB;Terceiro;N;RH;Não;Sim;Sim
COII;537;1376;Arthur Bispo;1993-07-20;2011-07-16;;154;686;274,4;308;517,44;;SEA1242-VQT;60;35;;4;;;011;981COII2873;Analista;Comercial;JAA;DB;Terceiro;N;RH;Não;Sim;Sim
OPIII;40;6958;Giovana de Oliveira e Mello     ;1987-04-18;2005-05-25;2006-12-15;185;3564,5;1425,8;264;621,6;;TNH4387-BVN;79;36;;2;;;010;379OPIII0157;Coordenador;Operações;JAJ;DB;Terceiro;N;RH;Não;Sim;Sim
OPIII;47;1707;Rodrigo e Silva Lemos;1982-01-10;2000-01-06;;232;3740;1496;264;779,52;;ZUK7881-WTQ;127;0;;156;;;010;337OPIII6348;Coordenador;Operações;JAJ;DB;Terceiro;N;RH;Não;Sim;Sim
OPIII;55;3103;Marcello Venturini de Freitas;1991-07-06;2009-07-01;2010-02-27;221;1930,5;772,2;198;742,56;;FVQ9105-INE;34;26;;180;;;010;471OPIII2223;Coordenador;Operações;JAJ;DB;Terceiro;N;RH;Não;Sim;Sim
OPIII;94;3060;Marina Vasconcelos de Sousa;1974-03-08;2004-08-01;;229;11896;4758,4;220;769,44;;RHP4277-IYP;115;35;;145;;;010;526OPIII7206;Coordenador;Operações;JAJ;DB;Terceiro;N;RH;Não;Sim;Sim
OPIII;95;5623;Amanda Ferreira;1999-06-28;2017-06-23;2018-01-05;181;6473;2589,2;286;608,16;;EZB7956-PRV;94;16;;124;;;010;343OPIII5281;Coordenador;Operações;JAJ;DB;Terceiro;N;RH;Não;Sim;Sim
OPIII;100;2245;Juliana Vieira Filho;1970-08-20;2004-11-24;;177;980,5;392,2;286;594,72;;CBV8647-LZO;22;23;;98;;;010;865OPIII2894;Coordenador;Operações;JAJ;DB;Terceiro;N;RH;Não;Sim;Sim
OPIII;112;4494;Matheus Sone;1977-02-02;2003-03-27;;198;8696,5;3478,6;264;665,28;;AVF3939-FZZ;80;42;;97;;;010;177OPIII8683;Coordenador;Operações;JAJ;DB;Terceiro;N;RH;Não;Sim;Sim
OPIII;118;4855;Lucas Martins;1988-01-10;2017-02-23;;211;10212;4084,8;308;708,96;;LKO3769-KSV;59;25;;133;;;010;727OPIII2891;Coordenador;Operações;JAJ;DB;Terceiro;N;RH;Não;Sim;Sim
OPIII;120;3254;Isabela Freitas;1971-01-30;2003-05-22;2010-09-03;201;5827,5;2331;154;675,36;;OQI4155-YXT;107;42;;170;;;010;780OPIII3017;Coordenador;Operações;JAJ;DB;Terceiro;N;RH;Não;Sim;Sim
OPIII;134;2412;Caroline Gaspar de Mattos      ;1995-07-23;2014-04-14;2015-06-10;233;12384,5;4953,8;198;782,88;;DPI9737-KTI;41;37;;71;;;010;633OPIII1189;Coordenador;Operações;JAJ;DB;Terceiro;N;RH;Não;Sim;Sim
OPIII;152;2731;Carolina Croix Barros;1981-12-11;2017-07-19;;217;12407;4962,8;286;729,12;;HZR6926-BVS;76;51;;6;;;010;225OPIII4811;Coordenador;Operações;JAJ;DB;Terceiro;N;RH;Não;Sim;Sim
OPIII;156;6806;Luiz Gonçalves;1981-02-03;2000-12-14;;236;4215,5;1686,2;286;792,96;;GNF8062-JEQ;106;2;;22;;;010;408OPIII2288;Coordenador;Operações;JAJ;DB;Terceiro;N;RH;Não;Sim;Sim
OPIII;206;1849;Manuela Brum;1973-10-09;2011-01-25;2017-02-21;235;1740;696;198;789,6;;BKJ2648-NUA;136;46;;52;;;010;622OPIII3287;Coordenador;Operações;JAJ;DB;Terceiro;N;RH;Não;Sim;Sim
OPIII;221;5338;Pedro Correa Rodriguez;1989-09-18;2016-06-21;;239;4864,5;1945,8;198;803,04;;LML1220-LLK;134;26;;108;;;010;455OPIII6203;Coordenador;Operações;JAJ;DB;Terceiro;N;RH;Não;Sim;Sim
OPIII;250;1454;Rodrigo da Silva;1998-11-09;2016-11-04;2018-01-05;243;11936,5;4774,6;176;816,48;;TMB8727-BIM;99;32;;195;;;010;762OPIII6753;Coordenador;Operações;JAJ;DB;Terceiro;N;RH;Não;Sim;Sim
OPIII;258;2770;Bruna Ferreira;1998-02-09;2016-02-05;;235;10044,5;4017,8;154;789,6;;KYY2667-RBC;50;35;;78;;;010;271OPIII1730;Coordenador;Operações;JAJ;DB;Terceiro;N;RH;Não;Sim;Sim
OPIII;266;3621;Julia Bach;1985-11-12;2006-03-08;;187;712,5;285;176;628,32;;AAD3481-YZX;138;17;;48;;;010;535OPIII9530;Coordenador;Operações;JAJ;DB;Terceiro;N;RH;Não;Sim;Sim
OPIII;310;1054;Debora Penedo;1988-01-26;2006-01-21;;246;11852;4740,8;154;826,56;;POI1154-CTZ;99;41;;26;;;010;784OPIII1112;Coordenador;Operações;JAJ;DB;Terceiro;N;RH;Não;Sim;Sim
OPIII;313;7055;Gabriel Pereira;1992-06-02;2010-05-29;2011-08-03;187;4497,5;1799;176;628,32;;ZEP1154-UVU;27;23;;35;;;010;577OPIII7658;Coordenador;Operações;JAJ;DB;Terceiro;N;RH;Não;Sim;Sim
OPIII;325;2723;Karine Cardoso das Chagas;1999-12-13;2017-12-08;;201;5350;2140;242;675,36;;BEH7740-SHK;120;20;;94;;;010;290OPIII2603;Coordenador;Operações;JAJ;DB;Terceiro;N;RH;Não;Sim;Sim
OPIII;335;7811;Raquel Tavares;1979-09-05;2012-02-27;;234;7807,5;3123;198;786,24;;WRN4923-RPX;113;40;;135;;;010;350OPIII8463;Coordenador;Operações;JAJ;DB;Terceiro;N;RH;Não;Sim;Sim
OPIII;359;2173;Pedro Bernhardt;1973-11-06;1998-05-28;;189;2639,5;1055,8;220;635,04;;FWV9633-YJL;117;33;;64;;;010;839OPIII5331;Coordenador;Operações;JAJ;DB;Terceiro;N;RH;Não;Sim;Sim
OPIII;374;5921;Bernardo de Lima Oliveira;1995-07-07;2014-10-16;;222;8648,5;3459,4;264;745,92;;FAT1511-BUN;136;38;;153;;;010;733OPIII6946;Coordenador;Operações;JAJ;DB;Terceiro;N;RH;Não;Sim;Sim
OPIII;381;6754;Luiz Costa Vasconcellos;1993-03-31;2011-03-27;;227;10099,5;4039,8;264;762,72;;PUM1294-OWR;66;34;;79;;;010;202OPIII2236;Coordenador;Operações;JAJ;DB;Terceiro;N;RH;Não;Sim;Sim
OPIII;419;4016;Marcello Jorge Montanholi;1984-05-15;2002-06-04;;182;7822,5;3129;198;611,52;;LQC4277-GSC;143;21;;20;;;010;618OPIII7682;Coordenador;Operações;JAJ;DB;Terceiro;N;RH;Não;Sim;Sim
OPIII;503;4113;Mariana Almeida Alexandre;1991-06-13;2009-06-08;;167;8629;3451,6;286;561,12;;GAC6850-MHE;147;30;;127;;;010;511OPIII8138;Coordenador;Operações;JAJ;DB;Terceiro;N;RH;Não;Sim;Sim
OPIII;528;7348;William Araujo Kelly;1970-01-16;1996-01-13;;248;8850,5;3540,2;198;833,28;;JQL5655-SSB;119;30;;62;;;010;489OPIII1889;Coordenador;Operações;JAJ;DB;Terceiro;N;RH;Não;Sim;Sim
OPIV;34;6053;Vitor Cordovil de Maglhães;1995-07-23;2013-08-25;;178;6826;2730,4;220;598,08;;GOS6898-NUN;55;47;;113;;;010;338OPIV1397;Gerente;Operações;JAJ;ID;Efetivo;S;RH;Sim;Não;Sim
OPIV;175;2739;Giovana Marinho;1979-05-18;2016-04-30;2018-01-05;208;6306;2522,4;198;698,88;;XVF6812-OWK;24;14;;96;;;010;129OPIV5382;Gerente;Operações;JAJ;ID;Efetivo;S;RH;Sim;Não;Sim
OPIV;177;3572;Pedro Alcoforado;1977-10-10;2001-05-26;;225;3825,5;1530,2;198;756;;BJM5620-OAY;21;36;;50;;;010;587OPIV3387;Gerente;Operações;JAJ;ID;Efetivo;S;RH;Sim;Não;Sim
OPIV;293;7294;João Lima;1980-10-29;1998-10-25;;191;7716,5;3086,6;220;641,76;;SMP5215-LDY;52;41;;38;;;010;247OPIV3293;Gerente;Operações;JAJ;ID;Efetivo;S;RH;Sim;Não;Sim
OPIV;354;4178;Ana Ladogano;1972-10-20;2009-12-21;;250;8068;3227,2;176;840;;TXU9393-LRD;41;43;;166;;;010;650OPIV9333;Gerente;Operações;JAJ;ID;Efetivo;S;RH;Sim;Não;Sim
OPIV;368;4399;Jeronimo dos Santos Villares Vianna;1983-10-26;2004-07-08;;205;6485,5;2594,2;198;688,8;;IQD7681-KRR;115;21;;73;;;010;103OPIV4846;Gerente;Operações;JAJ;ID;Efetivo;S;RH;Sim;Não;Sim
OPIV;470;7243;Lucas Alvim;1992-05-28;2010-05-24;;244;11019,5;4407,8;286;819,84;;EEG9763-DXS;61;40;;42;;;010;532OPIV4277;Gerente;Operações;JAJ;ID;Efetivo;S;RH;Sim;Não;Sim
OPIV;481;3472;Lais Cormack;1986-05-11;2009-05-02;;243;4416;1766,4;198;816,48;;RHB2967-WCC;134;31;;44;;;010;830OPIV5473;Gerente;Operações;JAJ;ID;Efetivo;S;RH;Sim;Não;Sim
OPIV;484;3276;Pedro da Silva ;1971-12-01;1992-11-30;;188;7961;3184,4;176;631,68;;KXV4063-KSX;113;44;;159;;;010;858OPIV9616;Gerente;Operações;JAJ;ID;Efetivo;S;RH;Sim;Não;Sim
OPIV;511;6604;Samantha de Oliveira Pereira;1982-03-13;2000-03-08;;194;2029,5;811,8;308;651,84;;WDI7601-SWQ;86;9;;109;;;010;327OPIV1955;Gerente;Operações;JAJ;ID;Efetivo;S;RH;Sim;Não;Sim
OPI;38;4063;Marcelo Amaral Coelho;1995-04-29;2013-04-24;;241;8737,5;3495;176;809,76;;WWI4336-TYY;36;31;;173;;;010;140OPI0360;Estagiário;Operações;JAJ;JA;Efetivo;N;Gerente;Não;Sim;Sim
OPI;44;2090;Matheus Pereira dos Santos;1981-09-03;2009-05-24;;219;8965;3586;308;735,84;;KUF5904-VWS;75;56;;152;;;010;531OPI4627;Estagiário;Operações;JAJ;JA;Efetivo;N;Gerente;Não;Sim;Sim
OPI;57;1302;Raissa Carelli;1984-11-14;2002-11-10;;197;12241;4896,4;220;661,92;;OBP9618-AYZ;86;57;;4;;;010;587OPI8823;Estagiário;Operações;JAJ;JA;Efetivo;N;Gerente;Não;Sim;Sim
OPI;64;2633;Douglas Costa;1988-08-05;2006-08-01;;176;8242;3296,8;264;591,36;;NRU8306-DPZ;65;16;;21;;;010;432OPI9379;Estagiário;Operações;JAJ;JA;Efetivo;N;Gerente;Não;Sim;Sim
OPI;70;7902;Luiz Rodrigues Chaves;1983-01-18;2001-01-13;;174;1695,5;678,2;176;584,64;;JEK4790-LVT;145;32;;157;;;010;594OPI1977;Estagiário;Operações;JAJ;JA;Efetivo;N;Gerente;Não;Sim;Sim
OPI;85;2631;Rodrigo dos Santos Villares Vianna;1980-08-24;2001-10-17;;243;10188,5;4075,4;286;816,48;;DTB8469-QRT;37;38;;74;;;010;588OPI9916;Estagiário;Operações;JAJ;JA;Efetivo;N;Gerente;Não;Sim;Sim
OPI;92;5359;Alberto Ruzza de Carvalho;1980-06-06;2007-10-18;;229;7716,5;3086,6;308;769,44;;PWO4177-IJL;43;13;;121;;;010;633OPI3107;Estagiário;Operações;JAJ;JA;Efetivo;N;Gerente;Não;Sim;Sim
OPI;97;4257;João Fagundes;1997-06-03;2015-05-30;;185;11193;4477,2;264;621,6;;DTO3596-PFP;20;4;;54;;;010;602OPI9929;Estagiário;Operações;JAJ;JA;Efetivo;N;Gerente;Não;Sim;Sim
OPI;110;7747;Higor Frossard;1998-07-26;2016-07-21;;240;2778;1111,2;264;806,4;;BVR6040-PKW;148;9;;79;;;010;137OPI7827;Estagiário;Operações;JAJ;JA;Efetivo;N;Gerente;Não;Sim;Sim
OPI;111;2775;Daniela Santos Silva;1991-03-11;2009-03-06;;165;4683,5;1873,4;198;554,4;;YCM5362-KVL;115;57;;0;;;010;846OPI0996;Estagiário;Operações;JAJ;JA;Efetivo;N;Gerente;Não;Sim;Sim
OPI;189;6329;Rafael Carrera;1983-11-22;2017-03-09;;235;10888;4355,2;308;789,6;;CLB4858-NMF;77;2;;172;;;010;665OPI8517;Estagiário;Operações;JAJ;JA;Efetivo;N;Gerente;Não;Sim;Sim
OPI;193;5634;Eduardo Ota Hirose;1992-02-07;2015-12-17;;217;5941;2376,4;220;729,12;;QYD6474-SVO;145;22;;190;;;010;797OPI8890;Estagiário;Operações;JAJ;JA;Efetivo;N;Gerente;Não;Sim;Sim
OPI;212;1477;Douglas Pinto;1972-06-09;2002-03-27;;156;9776,5;3910,6;308;524,16;;FXC8175-YBX;119;13;;100;;;010;633OPI1427;Estagiário;Operações;JAJ;JA;Efetivo;N;Gerente;Não;Sim;Sim
OPI;215;5867;Lucas Bach;1991-01-18;2009-01-13;;226;7650,5;3060,2;286;759,36;;NVI9354-XHK;90;30;;192;;;010;962OPI2948;Estagiário;Operações;JAJ;JA;Efetivo;N;Gerente;Não;Sim;Sim
OPI;230;2424;Ramon Garcia Bittencourt;1970-04-12;1992-08-26;;186;7794,5;3117,8;286;624,96;;MRX6530-QPI;54;42;;139;;;010;725OPI0879;Estagiário;Operações;JAJ;JA;Efetivo;N;Gerente;Não;Sim;Sim
OPI;235;6940;Luis Morgado;1993-12-28;2011-12-24;2018-01-05;183;4405;1762;198;614,88;;FHT9969-BPQ;127;52;;21;;;010;582OPI1307;Estagiário;Operações;JAJ;JA;Efetivo;N;Gerente;Não;Sim;Sim
OPI;246;4882;Joana Guimarães;1973-05-14;1992-08-09;;197;2184;873,6;242;661,92;;FIA9989-EKR;121;53;;189;;;010;859OPI0637;Estagiário;Operações;JAJ;JA;Efetivo;N;Gerente;Não;Sim;Sim
OPI;267;4870;Renan Fernandes;1988-10-11;2006-10-07;;161;9075;3630;242;540,96;;PEM3965-OPM;62;47;;127;;;010;783OPI0057;Estagiário;Operações;JAJ;JA;Efetivo;N;Gerente;Não;Sim;Sim
OPI;268;5403;Rômulo Pereira da Silva;1988-06-28;2006-06-24;2012-09-25;155;4920,5;1968,2;154;520,8;;RMQ4220-XTG;120;20;;183;;;010;564OPI2421;Estagiário;Operações;JAJ;JA;Efetivo;N;Gerente;Não;Sim;Sim
OPI;278;4712;Marta Costa;1972-01-23;1996-12-10;1997-12-09;237;8400,5;3360,2;198;796,32;;VGS8954-MLV;68;44;;73;;;010;880OPI8253;Estagiário;Operações;JAJ;JA;Efetivo;N;Gerente;Não;Sim;Sim
OPI;294;2839;Gabriela de Souza Campos;1971-06-24;2001-10-22;;202;2147;858,8;242;678,72;;YFP9509-NFX;79;7;;91;;;010;495OPI9951;Estagiário;Operações;JAJ;JA;Efetivo;N;Gerente;Não;Sim;Sim
OPI;318;6515;Paulo Souza;1985-06-13;2013-07-28;2018-01-05;238;11621;4648,4;176;799,68;;VZI3018-ZMT;49;46;;103;;;010;367OPI1064;Estagiário;Operações;JAJ;JA;Efetivo;N;Gerente;Não;Sim;Sim
OPI;320;1277;Aline da Silva;1976-06-22;2015-08-13;;221;2005;802;308;742,56;;XTQ5141-ILI;67;44;;120;;;010;890OPI6420;Estagiário;Operações;JAJ;JA;Efetivo;N;Gerente;Não;Sim;Sim
OPI;333;5033;Juan Santos Rosa;1998-04-16;2016-04-11;;242;10687;4274,8;176;813,12;;RCQ3120-YTQ;141;14;;0;;;010;511OPI8899;Estagiário;Operações;JAJ;JA;Efetivo;N;Gerente;Não;Sim;Sim
OPI;383;1447;João de Souza;1990-09-03;2008-08-29;;189;3073,5;1229,4;154;635,04;;XAX1021-ACC;51;54;;173;;;010;950OPI1735;Estagiário;Operações;JAJ;JA;Efetivo;N;Gerente;Não;Sim;Sim
OPI;386;7299;Tadeu Lopes da Silveira ;1974-10-10;1998-08-14;;231;8444,5;3377,8;220;776,16;;YNQ8935-SMV;40;31;;35;;;010;791OPI2809;Estagiário;Operações;JAJ;JA;Efetivo;N;Gerente;Não;Sim;Sim
OPI;391;7908;Daniel Lopes da Silveira ;1971-03-05;2004-11-20;;186;7732;3092,8;220;624,96;;EUR7034-HYT;42;58;;26;;;010;709OPI8561;Estagiário;Operações;JAJ;JA;Efetivo;N;Gerente;Não;Sim;Sim
OPI;402;4097;Marcello Rebouças;1987-06-06;2005-06-01;;206;12298,5;4919,4;176;692,16;;FQX5717-XJP;106;31;;179;;;010;773OPI4996;Estagiário;Operações;JAJ;JA;Efetivo;N;Gerente;Não;Sim;Sim
OPI;408;3780;Fernanda do Nascimento Rocha;1994-12-19;2017-08-26;;189;3201,5;1280,6;154;635,04;;JIC1426-WTJ;68;12;;20;;;010;811OPI7760;Estagiário;Operações;JAJ;JA;Efetivo;N;Gerente;Não;Sim;Sim
OPI;418;2107;Matheus Rodrigues Luiz;1994-01-29;2012-01-25;;162;5012,5;2005;308;544,32;;FXS8372-SHN;50;12;;196;;;010;952OPI2158;Estagiário;Operações;JAJ;JA;Efetivo;N;Gerente;Não;Sim;Sim
OPI;428;2447;Pedro Hanashiro Moraes;1981-10-18;2005-02-10;;232;3315;1326;220;779,52;;JVO7966-BBM;57;29;;121;;;010;191OPI2433;Estagiário;Operações;JAJ;JA;Efetivo;N;Gerente;Não;Sim;Sim
OPI;431;4721;Fernanda Gonçalves;1991-04-02;2009-03-28;;198;10815,5;4326,2;154;665,28;;VNH3647-CLD;120;20;;119;;;010;691OPI7157;Estagiário;Operações;JAJ;JA;Efetivo;N;Gerente;Não;Sim;Sim
OPI;444;1932;Maria Freire de Souza;1987-07-28;2011-03-11;;170;5126,5;2050,6;242;571,2;;AUZ6721-UPE;127;13;;131;;;010;375OPI3006;Estagiário;Operações;JAJ;JA;Efetivo;N;Gerente;Não;Sim;Sim
OPI;458;7257;Rafael Lobo;1978-04-21;1997-03-23;;233;10942,5;4377;286;782,88;;FHE2428-JBZ;100;53;;195;;;010;904OPI3151;Estagiário;Operações;JAJ;JA;Efetivo;N;Gerente;Não;Sim;Sim
OPI;460;5109;Adelino Araujo;1976-09-04;2005-11-07;;218;7112,5;2845;308;732,48;;ZSN9048-ACK;49;24;;23;;;010;336OPI7061;Estagiário;Operações;JAJ;JA;Efetivo;N;Gerente;Não;Sim;Sim
OPI;469;2795;André dos Santos Pereira Brito;1992-03-30;2015-12-25;;242;547;218,8;176;813,12;;JXC7224-SXB;50;0;;196;;;010;762OPI2130;Estagiário;Operações;JAJ;JA;Efetivo;N;Gerente;Não;Sim;Sim
OPI;485;1525;Luisa da Costa  ;1983-04-14;2015-05-10;;198;9152;3660,8;286;665,28;;UYP5300-ZGV;126;52;;106;;;010;694OPI0676;Estagiário;Operações;JAJ;JA;Efetivo;N;Gerente;Não;Sim;Sim
OPI;526;3135;Guilherme Lander Regasso;1978-02-05;2002-08-12;;215;1846,5;738,6;220;722,4;;QOU1028-JKA;88;9;;118;;;010;789OPI0777;Estagiário;Operações;JAJ;JA;Efetivo;N;Gerente;Não;Sim;Sim
LOI;2;6177;João Haddad;1974-04-26;2008-06-06;;171;2702;1080,8;154;574,56;;QDI6697-POC;143;31;;166;;;545;732LOI6767;Estagiário;Logísitca;EDE;JA;Efetivo;N;Gerente;Não;Sim;Sim
LOI;61;6587;Michelle Zerbinato;1992-12-05;2015-03-07;;154;6504;2601,6;308;517,44;;DUA4194-ITB;143;4;;81;;;545;733LOI4668;Estagiário;Logísitca;EDE;JA;Efetivo;N;Gerente;Não;Sim;Sim
LOI;66;1522;Poline Limp;1976-04-01;2012-02-17;;244;9720,5;3888,2;242;819,84;;SGS4567-PFP;70;21;;162;;;545;531LOI1383;Estagiário;Logísitca;EDE;JA;Efetivo;N;Gerente;Não;Sim;Sim
LOI;142;2434;Gabriel Mello;1976-01-05;2011-09-13;;157;12299;4919,6;242;527,52;;ZCQ9267-RAH;36;32;;23;;;545;203LOI8511;Estagiário;Logísitca;EDE;JA;Efetivo;N;Gerente;Não;Sim;Sim
LOI;161;3555;Victor Bezerra;1979-03-15;1997-03-10;;198;4368;1747,2;176;665,28;;UQJ6098-TVK;30;31;;117;;;545;544LOI4579;Estagiário;Logísitca;EDE;JA;Efetivo;N;Gerente;Não;Sim;Sim
LOI;171;6474;Guilherme Lopes da Silveira ;1999-11-30;2017-11-25;2018-01-05;222;11020;4408;220;745,92;;TKT2920-WKM;147;42;;82;;;545;856LOI5549;Estagiário;Logísitca;EDE;JA;Efetivo;N;Gerente;Não;Sim;Sim
LOI;180;6277;Filipe Tabet;1981-04-08;2017-02-16;;199;3932,5;1573;198;668,64;;LVN3505-WHZ;43;11;;98;;;545;413LOI5323;Estagiário;Logísitca;EDE;JA;Efetivo;N;Gerente;Não;Sim;Sim
LOI;190;7057;Leonardo de Paula;1993-03-05;2013-05-24;;210;5435;2174;198;705,6;;LFS5871-CZP;48;16;;145;;;545;252LOI8907;Estagiário;Logísitca;EDE;JA;Efetivo;N;Gerente;Não;Sim;Sim
LOI;260;1218;Lucas Racy;1970-02-06;2004-09-19;;157;2887;1154,8;220;527,52;;IVN6473-GAV;78;4;;52;;;545;163LOI5175;Estagiário;Logísitca;EDE;JA;Efetivo;N;Gerente;Não;Sim;Sim
LOI;273;6456;Caio Lassaval Farias;1985-01-31;2004-06-16;;209;6465;2586;242;702,24;;QJC6162-JOJ;59;4;;164;;;545;479LOI4776;Estagiário;Logísitca;EDE;JA;Efetivo;N;Gerente;Não;Sim;Sim
LOI;284;4089;Luiz Viana;1983-12-20;2010-10-31;;160;958,5;383,4;286;537,6;;NMB9560-GRV;121;22;;172;;;545;341LOI2970;Estagiário;Logísitca;EDE;JA;Efetivo;N;Gerente;Não;Sim;Sim
LOI;296;5752;Elaine de Aragao;1986-10-04;2004-09-29;;169;1311,5;524,6;286;567,84;;MVT8673-TAJ;99;47;;112;;;545;145LOI0395;Estagiário;Logísitca;EDE;JA;Efetivo;N;Gerente;Não;Sim;Sim
LOI;316;2243;Ary da Silva Costa;1986-12-27;2004-12-22;2005-11-06;167;4848,5;1939,4;176;561,12;;TCG9843-OUN;75;53;;190;;;545;730LOI2800;Estagiário;Logísitca;EDE;JA;Efetivo;N;Gerente;Não;Sim;Sim
LOI;372;3738;Matheus Carvalho Pinto e Rocha;1981-03-30;2005-09-12;2009-07-16;191;1237,5;495;220;641,76;;WZD4611-GHT;117;39;;114;;;545;505LOI7623;Estagiário;Logísitca;EDE;JA;Efetivo;N;Gerente;Não;Sim;Sim
LOI;407;6761;Matheus Rubio;1996-01-20;2014-01-15;2018-01-05;165;11187;4474,8;154;554,4;;WEI9861-VNI;79;36;;183;;;545;347LOI0182;Estagiário;Logísitca;EDE;JA;Efetivo;N;Gerente;Não;Sim;Sim
LOI;432;4041;Yuske Orichio;1985-05-19;2005-11-20;;234;11815,5;4726,2;154;786,24;;CVO5228-JRV;32;7;;88;;;545;874LOI9327;Estagiário;Logísitca;EDE;JA;Efetivo;N;Gerente;Não;Sim;Sim
LOI;433;6259;Julia Freitas;1996-09-27;2014-09-23;;219;2051,5;820,6;264;735,84;;SHZ3510-PYB;23;22;;81;;;545;598LOI7477;Estagiário;Logísitca;EDE;JA;Efetivo;N;Gerente;Não;Sim;Sim
LOI;436;3645;Emilaine Oliveira de Mello Silva;1973-11-23;2012-05-20;;237;6575;2630;308;796,32;;PBG4952-OLX;108;19;;160;;;545;755LOI9025;Estagiário;Logísitca;EDE;JA;Efetivo;N;Gerente;Não;Sim;Sim
LOI;443;4870;Iris da Silva;1978-07-29;2001-08-28;;205;7276;2910,4;220;688,8;;UPQ2143-MYA;105;7;;2;;;545;196LOI9521;Estagiário;Logísitca;EDE;JA;Efetivo;N;Gerente;Não;Sim;Sim
LOI;464;1168;Wesley de Melo Teixeira;1997-11-21;2015-11-17;;156;743;297,2;220;524,16;;IXC2806-PWT;31;28;;36;;;545;697LOI6404;Estagiário;Logísitca;EDE;JA;Efetivo;N;Gerente;Não;Sim;Sim
LOI;476;6626;Renata Lopes de Oliveira;1972-04-15;2006-12-06;;157;1271,5;508,6;198;527,52;;PJN9187-ZYF;143;41;;122;;;545;198LOI9684;Estagiário;Logísitca;EDE;JA;Efetivo;N;Gerente;Não;Sim;Sim
LOI;493;5312;Pedro Vilas Bôas;1990-02-06;2008-02-02;2013-03-28;196;2484;993,6;286;658,56;;UJK3777-KIG;75;27;;29;;;545;728LOI5956;Estagiário;Logísitca;EDE;JA;Efetivo;N;Gerente;Não;Sim;Sim
LOII;31;2281;Thayná Freitas Medronho;1975-06-30;2008-09-20;;180;4781;1912,4;264;604,8;;VNG2453-DGA;125;16;;195;;;545;639LOII4772;Analista;Logísitca;EDE;DB;Terceiro;N;RH;Não;Sim;Sim
LOII;58;3543;Lorena Marinho;1994-02-13;2012-02-09;;226;3524,5;1409,8;286;759,36;;RZX5393-OKE;35;17;;162;;;545;672LOII1071;Analista;Logísitca;EDE;DB;Terceiro;N;RH;Não;Sim;Sim
LOII;60;6356;Fillipe Tupini;1994-03-15;2012-03-10;;236;9689,5;3875,8;286;792,96;;YYJ8161-ZZA;92;18;;174;;;545;473LOII1189;Analista;Logísitca;EDE;DB;Terceiro;N;RH;Não;Sim;Sim
LOII;72;7302;Lucas Duarte;1970-01-03;1996-04-13;;156;5933,5;2373,4;264;524,16;;WWH8576-GLA;97;56;;46;;;545;244LOII0797;Analista;Logísitca;EDE;DB;Terceiro;N;RH;Não;Sim;Sim
LOII;84;7677;Fernanda Castro Morett Ceppas;1985-01-08;2008-12-25;;175;4663;1865,2;220;588;;III5029-LMU;89;50;;123;;;545;237LOII6970;Analista;Logísitca;EDE;DB;Terceiro;N;RH;Não;Sim;Sim
LOII;101;5102;Victoria Nascimento Viríssimo;1970-05-01;1997-01-04;;179;10823,5;4329,4;308;601,44;;UTD4893-XXU;54;32;;164;;;545;694LOII7147;Analista;Logísitca;EDE;DB;Terceiro;N;RH;Não;Sim;Sim
LOII;107;5602;Matheus Garcia Borges;1979-03-31;2002-07-14;2010-05-05;183;7100;2840;308;614,88;;EHE6645-ZFG;40;12;;126;;;545;394LOII8474;Analista;Logísitca;EDE;DB;Terceiro;N;RH;Não;Sim;Sim
LOII;116;4574;Bruno Cunha Felippe;1998-09-26;2016-09-21;;236;10577;4230,8;198;792,96;;EKZ7848-ESK;48;58;;34;;;545;235LOII0056;Analista;Logísitca;EDE;DB;Terceiro;N;RH;Não;Sim;Sim
LOII;121;6325;Paulo Rodrigues Pereira;1980-11-06;2004-05-21;;197;4935;1974;220;661,92;;TRL5313-ZXC;99;33;;185;;;545;951LOII8662;Analista;Logísitca;EDE;DB;Terceiro;N;RH;Não;Sim;Sim
LOII;123;4387;Thomaz Wegbrayt;1991-01-20;2009-01-15;;188;8681,5;3472,6;264;631,68;;GUL3647-KEB;21;60;;104;;;545;444LOII0759;Analista;Logísitca;EDE;DB;Terceiro;N;RH;Não;Sim;Sim
LOII;129;2668;Pedro Assis;1974-04-15;2009-03-20;;196;10783;4313,2;242;658,56;;VYT7589-WCE;108;9;;192;;;545;925LOII6378;Analista;Logísitca;EDE;DB;Terceiro;N;RH;Não;Sim;Sim
LOII;143;7572;Renan Scharnhorst Ott;1994-04-15;2016-09-22;;153;5396,5;2158,6;242;514,08;;DZR6906-AYO;40;46;;136;;;545;659LOII6246;Analista;Logísitca;EDE;DB;Terceiro;N;RH;Não;Sim;Sim
LOII;158;5454;Amanda Rodrigues;1984-05-18;2010-07-08;;198;8429,5;3371,8;242;665,28;;BKC3941-ETB;72;37;;59;;;545;111LOII9049;Analista;Logísitca;EDE;DB;Terceiro;N;RH;Não;Sim;Sim
LOII;191;5878;Rômulo Knudsen;1996-10-27;2016-04-19;;190;7229,5;2891,8;242;638,4;;JLJ4704-CMD;101;33;;141;;;545;131LOII4111;Analista;Logísitca;EDE;DB;Terceiro;N;RH;Não;Sim;Sim
LOII;196;1806;Marina Lobo Meira;1980-05-14;2017-11-23;;240;7326;2930,4;242;806,4;;QYT4352-WHH;139;55;;112;;;545;633LOII0138;Analista;Logísitca;EDE;DB;Terceiro;N;RH;Não;Sim;Sim
LOII;207;3870;Eduardo Luz;1983-12-16;2004-01-21;;203;7114;2845,6;220;682,08;;KBE8888-ZZT;85;9;;113;;;545;622LOII8826;Analista;Logísitca;EDE;DB;Terceiro;N;RH;Não;Sim;Sim
LOII;223;2470;Elvis Macedo;1987-02-25;2005-03-28;;223;6492;2596,8;286;749,28;;QPQ6693-FQR;111;29;;171;;;545;385LOII7596;Analista;Logísitca;EDE;DB;Terceiro;N;RH;Não;Sim;Sim
LOII;244;2505;Felipe Miranda;1978-03-09;1999-05-25;;186;516;206,4;264;624,96;;XQI1381-INS;63;36;;63;;;545;731LOII0376;Analista;Logísitca;EDE;DB;Terceiro;N;RH;Não;Sim;Sim
LOII;259;7876;Maria Leite Ursulino;1979-01-12;2003-06-26;;186;2676,5;1070,6;242;624,96;;CHE9313-SIA;27;31;;162;;;545;284LOII6249;Analista;Logísitca;EDE;DB;Terceiro;N;RH;Não;Sim;Sim
LOII;277;7053;Nathália Augusto Oliveira;1977-05-04;2005-10-01;;230;1604;641,6;286;772,8;;GHT9995-PJS;110;53;;178;;;545;239LOII7305;Analista;Logísitca;EDE;DB;Terceiro;N;RH;Não;Sim;Sim
LOII;282;6194;Igor de Rezende;1976-06-04;2007-07-01;;172;11512;4604,8;176;577,92;;YXF7664-CQG;24;1;;98;;;545;861LOII9784;Analista;Logísitca;EDE;DB;Terceiro;N;RH;Não;Sim;Sim
LOII;286;5984;Andressa Queiroz Israel;1980-10-21;2017-06-27;;167;4344,5;1737,8;308;561,12;;ATG5222-ODJ;79;40;;69;;;545;441LOII0083;Analista;Logísitca;EDE;DB;Terceiro;N;RH;Não;Sim;Sim
LOII;292;3689;Flávio Fontes;1986-09-09;2015-08-06;;154;1216;486,4;286;517,44;;QJD2665-YMB;128;10;;165;;;545;863LOII3935;Analista;Logísitca;EDE;DB;Terceiro;N;RH;Não;Sim;Sim
LOII;377;2359;Nathalia de Sousa Vaz Rangel;1983-09-23;2001-09-18;;158;918,5;367,4;308;530,88;;IRY6311-TWB;137;54;;190;;;545;666LOII3640;Analista;Logísitca;EDE;DB;Terceiro;N;RH;Não;Sim;Sim
LOII;393;1072;Flávio Santos Garcia;1981-12-08;1999-12-04;2006-04-07;168;2772,5;1109;198;564,48;;QXW2144-EIS;34;45;;155;;;545;379LOII7008;Analista;Logísitca;EDE;DB;Terceiro;N;RH;Não;Sim;Sim
LOII;399;3897;Saranna Lepore Pinheiro;1992-06-02;2011-07-09;;161;2596,5;1038,6;264;540,96;;NPT9819-NKV;30;32;;185;;;545;444LOII1746;Analista;Logísitca;EDE;DB;Terceiro;N;RH;Não;Sim;Sim
LOII;412;7712;Camilla Ferraz;1992-07-03;2011-06-08;2013-04-13;153;846;338,4;220;514,08;;NQI2911-DFQ;60;27;;170;;;545;153LOII6969;Analista;Logísitca;EDE;DB;Terceiro;N;RH;Não;Sim;Sim
LOII;439;4771;Vitor Almeida da Silveira;1984-03-23;2017-11-01;;215;7928;3171,2;198;722,4;;LAO1073-LEN;137;33;;55;;;545;731LOII8127;Analista;Logísitca;EDE;DB;Terceiro;N;RH;Não;Sim;Sim
LOII;440;7677;Juan Fernandes de Araújo;1978-01-19;2016-09-01;2018-01-05;223;10208;4083,2;264;749,28;;KZW6955-ZOS;91;19;;82;;;545;333LOII1711;Analista;Logísitca;EDE;DB;Terceiro;N;RH;Não;Sim;Sim
LOII;467;2435;Daniel Garcia;1988-10-31;2006-10-27;;220;11509;4603,6;308;739,2;;XAA6375-SPD;95;1;;167;;;545;999LOII3108;Analista;Logísitca;EDE;DB;Terceiro;N;RH;Não;Sim;Sim
LOII;475;2484;Breno Franklin da Silva;1988-01-24;2013-05-27;;205;4120,5;1648,2;264;688,8;;GBA8017-OVP;96;57;;50;;;545;723LOII5617;Analista;Logísitca;EDE;DB;Terceiro;N;RH;Não;Sim;Sim
LOII;500;3309;Carolina Calafate;1993-01-18;2011-01-14;2017-03-03;205;6648;2659,2;198;688,8;;YXK9566-ZEN;115;51;;166;;;545;854LOII3483;Analista;Logísitca;EDE;DB;Terceiro;N;RH;Não;Sim;Sim
LOII;509;4027;João Suzano;1977-02-13;2000-05-13;2001-01-18;178;4042,5;1617;242;598,08;;JRL8523-HHI;26;5;;61;;;545;672LOII9692;Analista;Logísitca;EDE;DB;Terceiro;N;RH;Não;Sim;Sim
LOII;517;1126;Maria Mello;1996-09-14;2014-09-10;;212;9040;3616;308;712,32;;ZUF9288-NNM;42;7;;12;;;545;296LOII0999;Analista;Logísitca;EDE;DB;Terceiro;N;RH;Não;Sim;Sim
LOII;534;6239;Raíza Barcellos;1976-03-11;2000-09-17;;150;1967;786,8;264;504;;NWG5077-PBZ;146;13;;117;;;545;785LOII7753;Analista;Logísitca;EDE;DB;Terceiro;N;RH;Não;Sim;Sim
LOII;535;5239;Bernardo da cunha ;1979-06-28;2002-03-15;;170;10811;4324,4;286;571,2;;CKP3287-UEK;55;57;;88;;;545;195LOII0843;Analista;Logísitca;EDE;DB;Terceiro;N;RH;Não;Sim;Sim
LOIII;17;4017;Pedro Carrera;1971-07-12;1991-08-23;;187;7859;3143,6;176;628,32;;YVU2316-INY;90;55;;179;;;545;711LOIII9931;Coordenador;Logísitca;EDE;DB;Terceiro;N;RH;Não;Sim;Sim
LOIII;30;4059;Gabriela Coutinho;1982-09-03;2010-04-15;2017-09-27;189;6052;2420,8;154;635,04;;DEL9470-JFD;113;18;;14;;;545;678LOIII4393;Coordenador;Logísitca;EDE;DB;Terceiro;N;RH;Não;Sim;Sim
LOIII;52;2065;Jéssica de Morais Silva;1979-09-16;2014-11-05;;231;10475,5;4190,2;308;776,16;;YOI8978-AAR;131;13;;114;;;545;752LOIII7825;Coordenador;Logísitca;EDE;DB;Terceiro;N;RH;Não;Sim;Sim
LOIII;81;3259;Giuseppe Fernandes;1980-12-30;2010-02-11;;228;6188,5;2475,4;308;766,08;;PXQ3031-CLK;55;5;;60;;;545;778LOIII9405;Coordenador;Logísitca;EDE;DB;Terceiro;N;RH;Não;Sim;Sim
LOIII;133;1317;Adrielle Sá Rodrigues;1976-11-16;2001-04-25;;161;5712;2284,8;286;540,96;;SYJ8887-PHE;110;18;;147;;;545;949LOIII1173;Coordenador;Logísitca;EDE;DB;Terceiro;N;RH;Não;Sim;Sim
LOIII;163;1990;Yasmini de Almeida Richa;1979-02-25;2013-08-07;;238;6896;2758,4;176;799,68;;JRD9576-MHG;31;20;;175;;;545;116LOIII6579;Coordenador;Logísitca;EDE;DB;Terceiro;N;RH;Não;Sim;Sim
LOIII;179;1134;Caio Oliveira Meirelles;1974-02-07;2005-10-20;;196;6413,5;2565,4;242;658,56;;ZCG5229-RHX;91;20;;31;;;545;441LOIII0704;Coordenador;Logísitca;EDE;DB;Terceiro;N;RH;Não;Sim;Sim
LOIII;205;7682;Nathalia de Oliveira;1975-12-22;2008-01-18;;241;9517,5;3807;198;809,76;;OPS1714-LAP;117;26;;118;;;545;382LOIII6923;Coordenador;Logísitca;EDE;DB;Terceiro;N;RH;Não;Sim;Sim
LOIII;211;4270;Thaís Restum;1971-02-17;2009-01-15;;152;2126,5;850,6;286;510,72;;ATE7852-XHX;72;40;;143;;;545;908LOIII8633;Coordenador;Logísitca;EDE;DB;Terceiro;N;RH;Não;Sim;Sim
LOIII;222;6844;Patricia Vieira Branco de Matos;1986-10-21;2015-07-22;2018-01-05;234;774;309,6;154;786,24;;OMM9332-WAP;64;15;;124;;;545;271LOIII2481;Coordenador;Logísitca;EDE;DB;Terceiro;N;RH;Não;Sim;Sim
LOIII;229;5063;Carolina Mello;1988-01-11;2006-01-06;;217;11624;4649,6;286;729,12;;XIN6699-CGI;84;2;;70;;;545;130LOIII8376;Coordenador;Logísitca;EDE;DB;Terceiro;N;RH;Não;Sim;Sim
LOIII;256;4787;Matheus de Souza Fróes;1982-07-27;2000-07-22;;210;7253,5;2901,4;242;705,6;;TTU7859-SBX;91;60;;117;;;545;153LOIII7407;Coordenador;Logísitca;EDE;DB;Terceiro;N;RH;Não;Sim;Sim
LOIII;272;4657;Yago de Souza Fróes;1986-09-27;2004-09-22;;161;6819;2727,6;198;540,96;;FXX2518-MOO;146;16;;45;;;545;329LOIII5256;Coordenador;Logísitca;EDE;DB;Terceiro;N;RH;Não;Sim;Sim
LOIII;283;4703;Rafael de Souza;1986-09-02;2004-08-28;;222;4937,5;1975;242;745,92;;AXG2167-PCP;131;34;;81;;;545;518LOIII4304;Coordenador;Logísitca;EDE;DB;Terceiro;N;RH;Não;Sim;Sim
LOIII;326;5996;Myllena Nacif;1977-07-14;2011-10-07;;169;583;233,2;220;567,84;;IZD1326-PYV;97;6;;185;;;545;854LOIII4290;Coordenador;Logísitca;EDE;DB;Terceiro;N;RH;Não;Sim;Sim
LOIII;350;1152;Eduardo da Cunha;1980-12-14;2006-12-10;;236;7820;3128;264;792,96;;PRA4193-GXT;64;59;;9;;;545;672LOIII6836;Coordenador;Logísitca;EDE;DB;Terceiro;N;RH;Não;Sim;Sim
LOIII;387;2650;Matheus Andrade Souza ;1974-08-10;2001-09-28;;221;10449,5;4179,8;176;742,56;;GJL5909-QWH;143;0;;47;;;545;566LOIII1838;Coordenador;Logísitca;EDE;DB;Terceiro;N;RH;Não;Sim;Sim
LOIII;430;2645;Priscila Orçai Granado;1988-02-13;2007-10-02;;234;10797;4318,8;264;786,24;;HWA7098-FHC;101;22;;99;;;545;669LOIII1226;Coordenador;Logísitca;EDE;DB;Terceiro;N;RH;Não;Sim;Sim
LOIII;468;3451;Luiz de Mattos;1992-10-01;2010-09-27;;239;4002,5;1601;198;803,04;;AEO8954-IVJ;63;56;;38;;;545;656LOIII0897;Coordenador;Logísitca;EDE;DB;Terceiro;N;RH;Não;Sim;Sim
LOIII;482;7215;Milena Fernandes;1971-10-20;1991-01-06;;230;6318;2527,2;220;772,8;;JBE7897-UTX;113;19;;54;;;545;557LOIII5670;Coordenador;Logísitca;EDE;DB;Terceiro;N;RH;Não;Sim;Sim
LOIII;495;5942;Carolina Marques;1994-11-23;2014-11-13;2018-01-05;229;2681,5;1072,6;198;769,44;;OZT3825-SCD;96;20;;34;;;545;982LOIII8997;Coordenador;Logísitca;EDE;DB;Terceiro;N;RH;Não;Sim;Sim
COI;39;6483;Tomas Guadagnino;1987-12-01;2005-11-26;;222;7234;2893,6;308;745,92;;EQK5503-SKS;139;60;;39;;;011;498COI7165;Estagiário;Comercial;JAA;JA;Efetivo;N;Gerente;Não;Sim;Sim
COI;56;4828;Isabelle Tiradentes;1972-06-15;1993-05-09;;166;9648,5;3859,4;154;557,76;;NPD6685-WIV;114;3;;142;;;011;441COI7885;Estagiário;Comercial;JAA;JA;Efetivo;N;Gerente;Não;Sim;Sim
COI;102;1404;Adriano de Souza;1993-12-09;2011-12-05;;151;1189;475,6;220;507,36;;CMW7923-SYL;136;59;;158;;;011;286COI9291;Estagiário;Comercial;JAA;JA;Efetivo;N;Gerente;Não;Sim;Sim
COI;104;6069;Vinícius Maluf;1982-11-05;2007-06-13;2013-03-15;210;10830;4332;154;705,6;;FJB5293-ACY;120;33;;26;;;011;150COI9304;Estagiário;Comercial;JAA;JA;Efetivo;N;Gerente;Não;Sim;Sim
COI;105;7903;Roberta Vaz;1992-04-16;2010-04-12;;208;10657,5;4263;286;698,88;;ZFI1637-CCQ;45;17;;161;;;011;415COI6682;Estagiário;Comercial;JAA;JA;Efetivo;N;Gerente;Não;Sim;Sim
COI;144;5189;Lucas Brum Pereira;1991-10-20;2015-06-09;;237;2024;809,6;198;796,32;;VXR2696-JNI;95;25;;5;;;011;646COI0450;Estagiário;Comercial;JAA;JA;Efetivo;N;Gerente;Não;Sim;Sim
COI;149;6510;Fernanda Rocha;1990-12-24;2008-12-19;;198;2539;1015,6;308;665,28;;IAO2272-UBR;47;29;;98;;;011;204COI4593;Estagiário;Comercial;JAA;JA;Efetivo;N;Gerente;Não;Sim;Sim
COI;154;2570;Carlos Mota;1978-07-16;2000-09-27;;173;4993;1997,2;242;581,28;;SPU2561-WRH;148;11;;82;;;011;330COI0935;Estagiário;Comercial;JAA;JA;Efetivo;N;Gerente;Não;Sim;Sim
COI;169;1729;David de Paula;1981-10-03;2006-03-13;;248;6269;2507,6;308;833,28;;UZE6566-NGD;75;50;;126;;;011;348COI2290;Estagiário;Comercial;JAA;JA;Efetivo;N;Gerente;Não;Sim;Sim
COI;202;1854;Leandro Coutinho;1994-12-09;2012-12-04;;158;10935;4374;286;530,88;;NUO2284-DXQ;64;25;;56;;;011;795COI5993;Estagiário;Comercial;JAA;JA;Efetivo;N;Gerente;Não;Sim;Sim
COI;227;1861;Rômulo Pedrazza;1973-07-23;2012-11-20;;230;11231;4492,4;176;772,8;;LRX8711-BCB;101;39;;181;;;011;607COI1485;Estagiário;Comercial;JAA;JA;Efetivo;N;Gerente;Não;Sim;Sim
COI;238;7799;Carolina Venceslau Santos de Gusmão;1987-07-08;2017-05-15;2018-01-05;213;3413,5;1365,4;308;715,68;;PDF3967-JQZ;53;46;;2;;;011;538COI0873;Estagiário;Comercial;JAA;JA;Efetivo;N;Gerente;Não;Sim;Sim
COI;308;1521;Camila Fonseca Martinez;1997-06-03;2015-05-30;2018-01-05;183;771,5;308,6;154;614,88;;NEZ2991-IBK;82;18;;119;;;011;355COI4650;Estagiário;Comercial;JAA;JA;Efetivo;N;Gerente;Não;Sim;Sim
COI;312;1002;Matheus Alvarez;1986-01-02;2003-12-29;;235;5134,5;2053,8;286;789,6;;VON8953-TRW;58;14;;22;;;011;159COI7311;Estagiário;Comercial;JAA;JA;Efetivo;N;Gerente;Não;Sim;Sim
COI;329;5757;João Pereira Da Silva;1993-02-16;2011-02-12;2011-07-07;151;9704;3881,6;264;507,36;;MZR4025-THH;65;31;;186;;;011;778COI0625;Estagiário;Comercial;JAA;JA;Efetivo;N;Gerente;Não;Sim;Sim
COI;340;4098;Rafaella Sarmento e Silva;1976-04-29;2001-02-23;;184;2209,5;883,8;198;618,24;;OHC4113-PMQ;100;54;;7;;;011;905COI0627;Estagiário;Comercial;JAA;JA;Efetivo;N;Gerente;Não;Sim;Sim
COI;344;1018;Matheus Monteiro;1988-06-05;2011-11-10;;240;2758,5;1103,4;176;806,4;;OYL4858-NRE;98;30;;128;;;011;164COI6452;Estagiário;Comercial;JAA;JA;Efetivo;N;Gerente;Não;Sim;Sim
COI;351;1641;Lorena Freire;1980-09-04;2011-05-07;2018-01-05;209;4739,5;1895,8;242;702,24;;KGH5533-UDE;37;34;;168;;;011;470COI6868;Estagiário;Comercial;JAA;JA;Efetivo;N;Gerente;Não;Sim;Sim
COI;367;7689;Paula Marques Ribeiro;1984-09-04;2002-08-31;;179;573;229,2;264;601,44;;CJO4722-LXJ;142;34;;185;;;011;950COI7643;Estagiário;Comercial;JAA;JA;Efetivo;N;Gerente;Não;Sim;Sim
COI;385;1137;Vitor de Carvalho;1973-06-03;2008-08-25;;228;10472;4188,8;308;766,08;;JFC5054-DPI;57;14;;31;;;011;612COI5451;Estagiário;Comercial;JAA;JA;Efetivo;N;Gerente;Não;Sim;Sim
COI;405;5852;Ana Bernardo;1980-09-04;2014-12-24;;206;10283;4113,2;220;692,16;;DBV3917-TJR;102;19;;140;;;011;947COI5854;Estagiário;Comercial;JAA;JA;Efetivo;N;Gerente;Não;Sim;Sim
COI;425;6345;Amanda Marinho;1983-02-22;2010-09-17;;197;11773,5;4709,4;220;661,92;;KSM4986-EYM;91;40;;158;;;011;322COI9598;Estagiário;Comercial;JAA;JA;Efetivo;N;Gerente;Não;Sim;Sim
COI;445;2064;Geam Petraglia da Silva;1970-11-28;2002-01-13;;218;3610,5;1444,2;176;732,48;;HIO1134-SLV;80;15;;17;;;011;523COI0780;Estagiário;Comercial;JAA;JA;Efetivo;N;Gerente;Não;Sim;Sim
COI;453;4750;Milena Cândido Xavier Ferreira;1997-08-28;2015-08-24;;150;1253;501,2;220;504;;BHO8636-QCL;83;14;;183;;;011;511COI2624;Estagiário;Comercial;JAA;JA;Efetivo;N;Gerente;Não;Sim;Sim
COI;463;6453;Paloma Melo Lyra;1979-05-19;2005-03-07;;169;7645;3058;220;567,84;;KME6012-QRA;28;40;;111;;;011;585COI3884;Estagiário;Comercial;JAA;JA;Efetivo;N;Gerente;Não;Sim;Sim
COI;465;6172;Luis Figueiredo Gabriel;1988-07-11;2013-01-11;;181;10349,5;4139,8;286;608,16;;PRM5839-REE;20;8;;126;;;011;272COI1974;Estagiário;Comercial;JAA;JA;Efetivo;N;Gerente;Não;Sim;Sim
COI;471;3793;Júlia de Oliveira;1981-06-29;2002-05-01;;232;3614;1445,6;286;779,52;;EML3792-XLB;104;35;;185;;;011;463COI6068;Estagiário;Comercial;JAA;JA;Efetivo;N;Gerente;Não;Sim;Sim
COI;478;5699;Ramon De Moraes Bergara;1989-10-31;2007-10-27;;244;4771;1908,4;220;819,84;;LKQ3800-STK;81;10;;108;;;011;863COI7319;Estagiário;Comercial;JAA;JA;Efetivo;N;Gerente;Não;Sim;Sim
COI;492;3590;Thomaz Campelo da Silva;1995-02-13;2013-02-08;;174;3832,5;1533;176;584,64;;EYM4789-ORZ;84;54;;182;;;011;525COI3348;Estagiário;Comercial;JAA;JA;Efetivo;N;Gerente;Não;Sim;Sim
COI;496;4146;Nicolas Conceição Leite;1980-08-04;2011-03-14;;230;3355;1342;308;772,8;;RUE4183-VKX;57;3;;40;;;011;243COI0188;Estagiário;Comercial;JAA;JA;Efetivo;N;Gerente;Não;Sim;Sim
COI;499;1655;Bárbara Gonçalves ;1992-09-19;2010-09-15;;173;10169;4067,6;286;581,28;;HQS6481-FQZ;73;19;;1;;;011;152COI6240;Estagiário;Comercial;JAA;JA;Efetivo;N;Gerente;Não;Sim;Sim
COI;510;7846;Bruna Rocha de Carvalho;1999-05-28;2017-05-23;;198;7967;3186,8;154;665,28;;IRR4026-BKD;139;45;;131;;;011;900COI8047;Estagiário;Comercial;JAA;JA;Efetivo;N;Gerente;Não;Sim;Sim
COI;514;4633;Yago Oliveira;1982-08-31;2013-10-01;;245;1752,5;701;220;823,2;;ZSS7728-LIG;27;49;;113;;;011;554COI2285;Estagiário;Comercial;JAA;JA;Efetivo;N;Gerente;Não;Sim;Sim
COI;518;5159;Nuno de Oliveira Sampaio;1996-02-11;2014-02-06;;244;3326;1330,4;308;819,84;;ATA8785-ZEK;68;3;;14;177;;011;895COI0781;Estagiário;Comercial;JAA;JA;Efetivo;N;Gerente;Não;Sim;Sim
LOV;231;2386;Nicole Marcondes dos Santos;1978-02-19;2015-10-20;;163;8434,5;3373,8;154;547,68;;SFG1415-ZAX;34;26;;25;;;545;418LOV0166;Diretor;Logísitca;EDE;JE;Efetivo;S;Diretoria;Sim;Não;Sim
LOV;241;4917;Tadeu Ferraz;1991-01-31;2014-11-20;;246;7786;3114,4;154;826,56;;LTW8906-FJU;52;51;;102;;;545;788LOV4845;Diretor;Logísitca;EDE;JE;Efetivo;S;Diretoria;Sim;Não;Sim
LOV;330;5144;Gabriela Costa;1973-07-13;2012-06-13;;170;7890,5;3156,2;308;571,2;;BNJ4293-UZA;133;17;;33;;;545;574LOV2998;Diretor;Logísitca;EDE;JE;Efetivo;S;Diretoria;Sim;Não;Sim
LOV;365;3756;Maria Freire;1997-01-15;2017-02-12;2018-01-05;196;1217,5;487;176;658,56;;WRD7730-JZN;143;3;;54;;;545;143LOV0862;Diretor;Logísitca;EDE;JE;Efetivo;S;Diretoria;Sim;Não;Sim
FIIV;131;4598;Renan Taylor;1995-03-25;2016-01-28;;192;3714;1485,6;154;645,12;;GLZ5793-DMD;117;29;;174;;;322;769FIIV6476;Gerente;Financeiro;CBB;ID;Efetivo;S;Diretoria;Sim;Não;Sim
FIIV;132;5039;João Barbosa;1971-01-17;1989-06-07;;216;3443,5;1377,4;286;725,76;;BTY2419-VZQ;149;23;;103;;;322;243FIIV3524;Gerente;Financeiro;CBB;ID;Efetivo;S;Diretoria;Sim;Não;Sim
FIIV;178;5686;Wesley Oliveira Baptista;1971-11-29;1993-03-18;;163;5728,5;2291,4;220;547,68;;HEN8926-UBF;81;43;;84;;;322;849FIIV3974;Gerente;Financeiro;CBB;ID;Efetivo;S;Diretoria;Sim;Não;Sim
FIIV;264;2575;Isabella Azevedo Moura;1987-05-05;2009-08-22;;185;2752,5;1101;198;621,6;;JTB1048-KMJ;88;45;;56;;;322;209FIIV3124;Gerente;Financeiro;CBB;ID;Efetivo;S;Diretoria;Sim;Não;Sim
FIIV;309;7799;Yuri Valerio Albino;1977-09-06;1998-08-30;;207;8835,5;3534,2;286;695,52;;FMB5786-BJI;38;16;;60;;;322;401FIIV2483;Gerente;Financeiro;CBB;ID;Efetivo;S;Diretoria;Sim;Não;Sim
FIIV;371;7186;Arthur Vaz;1997-07-19;2017-02-02;;198;1529;611,6;154;665,28;;NPL3689-AVX;79;54;;15;;;322;794FIIV8833;Gerente;Financeiro;CBB;ID;Efetivo;S;Diretoria;Sim;Não;Sim
FIIV;382;7608;Mariana Schwenck Gullo;1995-02-19;2013-02-14;;248;11629,5;4651,8;308;833,28;;BHZ3071-MOT;133;23;;32;;;322;286FIIV2005;Gerente;Financeiro;CBB;ID;Efetivo;S;Diretoria;Sim;Não;Sim
FIIV;400;2716;Cynthia Ribeiro;1995-03-27;2013-03-22;;228;12208;4883,2;198;766,08;;MMA8899-XAR;22;57;;57;;;322;844FIIV6597;Gerente;Financeiro;CBB;ID;Efetivo;S;Diretoria;Sim;Não;Sim
FIIV;519;6099;Manuela Abreu Braga Martins;1984-11-03;2013-03-10;;232;2243,5;897,4;242;779,52;;BZJ6113-DVL;69;41;;58;;;322;291FIIV5998;Gerente;Financeiro;CBB;ID;Efetivo;S;Diretoria;Sim;Não;Sim
OPV;1;6482;Gabriel Mesquita;1970-01-01;2006-03-16;;214;10955;4382;242;719,04;;UAK1729-MCG;140;47;;97;;;010;455OPV9051;Diretor;Operações;JAJ;JE;Efetivo;S;Diretoria;Sim;Não;Sim
OPV;24;4917;Andre Ramos;1983-06-12;2013-12-25;;235;6512;2604,8;286;789,6;;ZPQ9134-WAU;77;1;;82;;;010;190OPV9575;Diretor;Operações;JAJ;JE;Efetivo;S;Diretoria;Sim;Não;Sim
OPV;59;6617;Valentina Soares;1996-03-31;2014-03-27;2018-01-05;218;4371,5;1748,6;198;732,48;;NDD1876-ZCV;75;4;;45;;;010;348OPV8299;Diretor;Operações;JAJ;JE;Efetivo;S;Diretoria;Sim;Não;Sim
OPV;79;1758;Larissa Coutinho Beltrao;1982-10-01;2014-06-28;;205;8603,5;3441,4;198;688,8;;ZXA6905-CRS;33;5;;90;;;010;252OPV1474;Diretor;Operações;JAJ;JE;Efetivo;S;Diretoria;Sim;Não;Sim
OPV;141;1174;Rodrigo Mesquita;1978-11-20;2004-07-30;2014-04-02;198;12101,5;4840,6;220;665,28;;ASY2253-LHU;97;15;;6;;;010;129OPV9445;Diretor;Operações;JAJ;JE;Efetivo;S;Diretoria;Sim;Não;Sim
OPV;162;1911;Lunna Bogossian;1986-09-17;2011-03-09;;228;5652;2260,8;308;766,08;;VZC6615-UGR;75;7;;180;;;010;441OPV8209;Diretor;Operações;JAJ;JE;Efetivo;S;Diretoria;Sim;Não;Sim
OPV;262;7965;Ruan da Paz;1982-09-07;2003-05-12;;216;11099;4439,6;308;725,76;;EJJ2943-WNL;117;16;;16;;;010;490OPV1417;Diretor;Operações;JAJ;JE;Efetivo;S;Diretoria;Sim;Não;Sim
OPV;281;4300;Rafael Cunha;1985-12-22;2014-07-11;;171;9632;3852,8;264;574,56;;XNY1295-GZJ;47;0;;188;;;010;906OPV6037;Diretor;Operações;JAJ;JE;Efetivo;S;Diretoria;Sim;Não;Sim
OPV;295;5299;Raquel de Souza;1977-08-15;2013-09-29;;199;10631,5;4252,6;220;668,64;;GCI8666-KBB;59;0;;133;;;010;485OPV5996;Diretor;Operações;JAJ;JE;Efetivo;S;Diretoria;Sim;Não;Sim
OPV;297;2142;Gabriel Silva Pacheco;1992-09-29;2010-09-25;2018-01-05;204;5079,5;2031,8;264;685,44;;ALJ7137-SSE;91;57;;134;;;010;272OPV2372;Diretor;Operações;JAJ;JE;Efetivo;S;Diretoria;Sim;Não;Sim
OPV;361;2613;Rhuan Hollander;1986-06-03;2012-08-28;;221;10411;4164,4;220;742,56;;VHY2477-UYC;98;47;;81;;;010;953OPV1056;Diretor;Operações;JAJ;JE;Efetivo;S;Diretoria;Sim;Não;Sim
OPV;487;6327;Priscilla Barcelos Tagliari;1997-01-01;2014-12-28;;243;3401,5;1360,6;286;816,48;;XYX6389-VSE;126;54;;87;;;010;863OPV4197;Diretor;Operações;JAJ;JE;Efetivo;S;Diretoria;Sim;Não;Sim
OPV;489;5022;Eduardo de Carvalho;1999-05-11;2017-05-06;;154;1135;454;198;517,44;;ZSD7071-MXU;45;49;;19;;;010;399OPV0854;Diretor;Operações;JAJ;JE;Efetivo;S;Diretoria;Sim;Não;Sim
OPV;524;3024;Guilherme Cerne Barreto;1990-02-15;2008-02-11;;151;974,5;389,8;264;507,36;;AFV7613-DHA;94;25;;57;;;010;212OPV3475;Diretor;Operações;JAJ;JE;Efetivo;S;Diretoria;Sim;Não;Sim
COIV;22;3181;Bruno Vargas;1987-03-15;2013-03-13;;163;5363;2145,2;198;547,68;;PFJ8300-SVX;108;7;;2;;;011;676COIV5980;Gerente;Comercial;JAA;ID;Efetivo;S;Diretoria;Sim;Não;Sim
COIV;28;6939;Luís Werneck;1991-10-19;2009-10-14;;243;3800,5;1520,2;198;816,48;;EKB6870-PBN;33;44;;97;;;011;511COIV3959;Gerente;Comercial;JAA;ID;Efetivo;S;Diretoria;Sim;Não;Sim
COIV;98;1888;Brenda Lopes;1974-03-25;2010-12-28;;155;2513;1005,2;242;520,8;;BSP8251-DKQ;124;39;;195;;;011;117COIV0622;Gerente;Comercial;JAA;ID;Efetivo;S;Diretoria;Sim;Não;Sim
COIV;103;6395;Rodrigo Barreto;1986-02-24;2004-06-30;;168;2899,5;1159,8;286;564,48;;SEH9740-ENV;50;27;;171;;;011;686COIV3287;Gerente;Comercial;JAA;ID;Efetivo;S;Diretoria;Sim;Não;Sim
COIV;192;4294;Bernard Mello;1993-10-16;2011-10-12;;151;5483,5;2193,4;308;507,36;;TLF4916-KLN;129;19;;177;;;011;338COIV9297;Gerente;Comercial;JAA;ID;Efetivo;S;Diretoria;Sim;Não;Sim
COIV;203;5713;Isabella de Azevedo Alves;1998-04-05;2016-03-31;;204;10235;4094;286;685,44;;QCK3792-DLU;38;60;;43;;;011;691COIV7668;Gerente;Comercial;JAA;ID;Efetivo;S;Diretoria;Sim;Não;Sim
COIV;357;1306;Rachel Ferreira;1980-07-16;2007-02-05;;184;7384;2953,6;242;618,24;;SQS6942-LXC;109;50;;22;;;011;715COIV0139;Gerente;Comercial;JAA;ID;Efetivo;S;Diretoria;Sim;Não;Sim
COIV;364;2804;Marta Fahrnholz;1988-04-21;2006-04-17;;231;12010,5;4804,2;308;776,16;;VDS4348-WQI;97;19;;186;;;011;647COIV0238;Gerente;Comercial;JAA;ID;Efetivo;S;Diretoria;Sim;Não;Sim
COIV;413;3777;Nathalia Melo Eiras;1992-08-13;2013-08-19;;205;4152;1660,8;242;688,8;;CED5201-YBX;37;31;;170;;;011;390COIV2684;Gerente;Comercial;JAA;ID;Efetivo;S;Diretoria;Sim;Não;Sim
COIV;427;4869;Iasmim Jacques Gamboa Fernandez de Oliveira Netto;1976-05-16;1999-06-27;;201;3629,5;1451,8;308;675,36;;VIA2405-OMS;71;19;;166;;;011;616COIV8113;Gerente;Comercial;JAA;ID;Efetivo;S;Diretoria;Sim;Não;Sim
COIV;438;6402;Diego Costa;1984-01-27;2009-05-18;;208;5819,5;2327,8;198;698,88;;OGP4524-WEF;80;15;;25;;;011;702COIV7666;Gerente;Comercial;JAA;ID;Efetivo;S;Diretoria;Sim;Não;Sim
FIV;7;3428;Zilma Guimarães;1999-09-28;2017-09-23;;242;8937,5;3575;286;813,12;;NFQ7851-CCO;62;6;;98;;;322;970FIV5941;Diretor;Financeiro;CBB;JE;Efetivo;S;Diretoria;Sim;Não;Sim
FIV;21;4076;Maria Lobo;1975-12-29;2006-12-22;;249;9522,5;3809;264;836,64;;JWJ2767-YSO;97;31;;133;;;322;107FIV1772;Diretor;Financeiro;CBB;JE;Efetivo;S;Diretoria;Sim;Não;Sim
FIV;49;6444;Roberto Suzano;1990-07-11;2008-07-06;;151;12254,5;4901,8;154;507,36;;WFO7622-DVW;120;50;;142;;;322;229FIV1373;Diretor;Financeiro;CBB;JE;Efetivo;S;Diretoria;Sim;Não;Sim
FIV;50;4466;Leonardo Silva Gomes;1977-01-10;2005-09-03;2008-03-15;153;6197;2478,8;220;514,08;;CXR9793-VZV;34;40;;77;;;322;885FIV1679;Diretor;Financeiro;CBB;JE;Efetivo;S;Diretoria;Sim;Não;Sim
FIV;198;1914;Beatriz Félix Ferreira;1978-12-13;2010-05-01;;187;8902;3560,8;154;628,32;;UWC7318-WGF;52;4;;64;;;322;911FIV9652;Diretor;Financeiro;CBB;JE;Efetivo;S;Diretoria;Sim;Não;Sim
FIV;225;5324;Tatiana Fagundes;1995-10-11;2013-10-06;;243;10331;4132,4;220;816,48;;MDP4853-KYP;119;52;;61;;;322;984FIV0397;Diretor;Financeiro;CBB;JE;Efetivo;S;Diretoria;Sim;Não;Sim
FIV;380;6486;Marcelo Mançãno Chaves;1989-05-14;2016-03-16;2017-07-14;235;12172,5;4869;198;789,6;;FJL5218-YZE;124;21;;168;;;322;252FIV0441;Diretor;Financeiro;CBB;JE;Efetivo;S;Diretoria;Sim;Não;Sim
FIV;401;7390;Gabriel Medina;1980-11-03;2010-07-26;2010-12-13;214;5032;2012,8;308;719,04;;LPL7352-EJT;111;4;;90;;;322;902FIV9417;Diretor;Financeiro;CBB;JE;Efetivo;S;Diretoria;Sim;Não;Sim
FIV;434;3041;Bianca Vianna ;1981-08-11;2002-12-06;;232;10119;4047,6;264;779,52;;CLU3782-MGQ;42;32;;83;;;322;286FIV7302;Diretor;Financeiro;CBB;JE;Efetivo;S;Diretoria;Sim;Não;Sim
FIV;530;5895;Jorge Nascimento Viríssimo;1997-01-31;2015-01-27;2018-01-05;180;2649,5;1059,8;176;604,8;;CCU1721-FAJ;143;59;;172;;;322;790FIV2354;Diretor;Financeiro;CBB;JE;Efetivo;S;Diretoria;Sim;Não;Sim
FIV;538;6269;Raianne Brum;1988-06-01;2013-08-10;;213;5895,5;2358,2;176;715,68;;QLF8561-NLL;56;44;;114;;;322;464FIV5226;Diretor;Financeiro;CBB;JE;Efetivo;S;Diretoria;Sim;Não;Sim
ADV;25;4141;Livia Mello;1985-07-04;2003-06-30;;167;11806;4722,4;264;561,12;;HLZ4890-QRM;120;46;;160;;;213;669ADV8469;Diretor;Administrativo;BAC;JE;Efetivo;S;Diretoria;Sim;Não;Sim
ADV;46;6041;Rafael Rozental;1970-11-27;2002-04-24;;187;10015;4006;308;628,32;;PKW5555-EMJ;77;21;;81;;;213;403ADV8681;Diretor;Administrativo;BAC;JE;Efetivo;S;Diretoria;Sim;Não;Sim
ADV;108;7044;Guilherme Rocha Venancio Alonso Da Silva;1992-11-22;2016-11-15;2017-09-30;194;11661,5;4664,6;220;651,84;;NNU2293-RHK;135;3;;164;;;213;958ADV8348;Diretor;Administrativo;BAC;JE;Efetivo;S;Diretoria;Sim;Não;Sim
ADV;165;7496;Eric Santos Silva;1981-12-03;2012-10-26;;162;7700,5;3080,2;176;544,32;;DYY6937-BOV;45;35;;81;;;213;264ADV4703;Diretor;Administrativo;BAC;JE;Efetivo;S;Diretoria;Sim;Não;Sim
ADV;194;4854;Ulisses Borges Pinto Lima;1983-01-11;2005-12-05;;213;8546,5;3418,6;308;715,68;;WHR9369-SCB;122;44;;175;;;213;381ADV6587;Diretor;Administrativo;BAC;JE;Efetivo;S;Diretoria;Sim;Não;Sim
ADV;219;6526;Gabriel de Araujo Filho;1979-10-16;2010-02-21;;239;7564;3025,6;242;803,04;;EKJ7202-FXR;142;58;;56;;;213;753ADV0902;Diretor;Administrativo;BAC;JE;Efetivo;S;Diretoria;Sim;Não;Sim
ADV;300;3972;Bruna Yang;1999-09-30;2017-09-25;;168;2379,5;951,8;286;564,48;;HIN9427-XFZ;44;57;;178;;;213;142ADV7771;Diretor;Administrativo;BAC;JE;Efetivo;S;Diretoria;Sim;Não;Sim
ADV;388;7463;Tainah Ramos;1977-04-26;2003-08-30;2012-10-20;193;8491;3396,4;308;648,48;;YPN3732-VCL;101;0;;146;;;213;417ADV8871;Diretor;Administrativo;BAC;JE;Efetivo;S;Diretoria;Sim;Não;Sim
ADV;437;2005;Ana Lassaval Farias;1973-10-29;1997-07-27;;150;5565,5;2226,2;154;504;;DPD5673-RUL;116;19;;195;;;213;396ADV8180;Diretor;Administrativo;BAC;JE;Efetivo;S;Diretoria;Sim;Não;Sim
ADV;531;3172;Gabriel Tourinho Rodrigues;1983-12-24;2011-04-07;;249;1481,5;592,6;198;836,64;;ZJC3223-LGA;49;10;;166;;;213;524ADV0619;Diretor;Administrativo;BAC;JE;Efetivo;S;Diretoria;Sim;Não;Sim
COIII;18;2858;Isabella Bernardo;1978-05-08;2017-10-25;;171;4230;1692;308;574,56;;QXK4553-WLP;145;60;;98;;;011;684COIII4811;Coordenador;Comercial;JAA;DB;Terceiro;N;RH;Não;Sim;Sim
COIII;26;7408;Jéssica Neves Heimlich;1991-02-20;2013-07-06;;190;8182;3272,8;154;638,4;;VDR2490-DOT;77;57;;2;;;011;762COIII4993;Coordenador;Comercial;JAA;DB;Terceiro;N;RH;Não;Sim;Sim
COIII;62;6788;Luiz Guarçoni Migueis;1980-09-02;2014-02-23;;161;9921,5;3968,6;154;540,96;;PHA1382-FMJ;95;9;;193;;;011;821COIII4903;Coordenador;Comercial;JAA;DB;Terceiro;N;RH;Não;Sim;Sim
COIII;65;5546;João Ramos;1980-09-10;1998-09-06;;150;5798;2319,2;198;504;;KUB6574-VMR;135;31;;61;;;011;599COIII3433;Coordenador;Comercial;JAA;DB;Terceiro;N;RH;Não;Sim;Sim
COIII;89;7936;Roberto Leite;1999-10-17;2017-10-12;2018-01-05;150;9221;3688,4;242;504;;JCA2930-OQA;23;5;;19;;;011;233COIII1364;Coordenador;Comercial;JAA;DB;Terceiro;N;RH;Não;Sim;Sim
COIII;91;7759;Luana Stockler;1989-07-22;2007-07-18;;247;1123,5;449,4;264;829,92;;FCS8459-KGM;87;10;;69;;;011;933COIII9773;Coordenador;Comercial;JAA;DB;Terceiro;N;RH;Não;Sim;Sim
COIII;130;7725;Mylena Pinheiro Mariano;1990-08-01;2008-07-27;;178;2909;1163,6;242;598,08;;KZK3760-NMY;136;5;;163;;;011;603COIII2668;Coordenador;Comercial;JAA;DB;Terceiro;N;RH;Não;Sim;Sim
COIII;157;3393;Ramon Vaz;1974-11-26;1999-06-30;;229;10987;4394,8;264;769,44;;JHN8172-DVZ;148;4;;78;;;011;390COIII2482;Coordenador;Comercial;JAA;DB;Terceiro;N;RH;Não;Sim;Sim
COIII;168;6177;Brenno Ayello Leite;1970-11-20;1999-05-03;;240;4480;1792;198;806,4;;QNF1672-MHJ;23;34;;199;;;011;266COIII9811;Coordenador;Comercial;JAA;DB;Terceiro;N;RH;Não;Sim;Sim
COIII;173;4760;Thiago Saraiva Araujo;1986-02-27;2009-12-27;;197;9014,5;3605,8;176;661,92;;HZB6579-RGD;106;35;;120;;;011;768COIII7267;Coordenador;Comercial;JAA;DB;Terceiro;N;RH;Não;Sim;Sim
COIII;209;4993;Ana de Almeida Fournier de Assis;1998-01-28;2016-01-24;;249;3760;1504;154;836,64;;ZKR8311-MJP;33;35;;143;;;011;121COIII0857;Coordenador;Comercial;JAA;DB;Terceiro;N;RH;Não;Sim;Sim
COIII;218;1051;Átila Aquino de Carvalho;1970-01-11;1990-09-29;;150;1710,5;684,2;220;504;;WCE6805-GMM;128;52;;107;;;011;485COIII7631;Coordenador;Comercial;JAA;DB;Terceiro;N;RH;Não;Sim;Sim
COIII;224;3076;Diego Limp;1998-07-16;2016-07-11;;200;11922,5;4769;220;672;;XRM9217-KFZ;31;57;;179;;;011;472COIII7710;Coordenador;Comercial;JAA;DB;Terceiro;N;RH;Não;Sim;Sim
COIII;242;6039;Paula Mota;1999-12-04;2017-11-29;;164;9816,5;3926,6;176;551,04;;YEW1874-FEF;117;43;;28;;;011;607COIII9428;Coordenador;Comercial;JAA;DB;Terceiro;N;RH;Não;Sim;Sim
COIII;249;6479;Julie Barros ;1973-05-17;1995-09-14;;205;2709,5;1083,8;198;688,8;;LXK4954-AVQ;87;34;;52;;;011;200COIII2219;Coordenador;Comercial;JAA;DB;Terceiro;N;RH;Não;Sim;Sim
COIII;257;5727;Manuela Tavares;1987-01-21;2014-04-11;;203;6625,5;2650,2;286;682,08;;OUC3982-UEW;54;28;;152;;;011;847COIII1101;Coordenador;Comercial;JAA;DB;Terceiro;N;RH;Não;Sim;Sim
COIII;263;7058;Luiza Castro Guimarães;1983-02-05;2013-06-17;;160;1828,5;731,4;264;537,6;;ACU2179-QVY;136;51;;140;;;011;820COIII0546;Coordenador;Comercial;JAA;DB;Terceiro;N;RH;Não;Sim;Sim
COIII;276;7099;Bruno Jorge Montanholi;1975-08-17;1994-08-21;;224;6381,5;2552,6;308;752,64;;IJE9880-FVG;101;3;;85;;;011;742COIII4661;Coordenador;Comercial;JAA;DB;Terceiro;N;RH;Não;Sim;Sim
COIII;319;1314;Mariana Figueiredo Barbosa;1975-11-12;1993-12-15;;236;5089;2035,6;220;792,96;;AYX7535-VCD;124;49;;150;;;011;762COIII4021;Coordenador;Comercial;JAA;DB;Terceiro;N;RH;Não;Sim;Sim
COIII;336;3841;Raphael Rodrigues;1971-02-20;1993-07-10;;192;12264,5;4905,8;264;645,12;;CKP1443-NJS;147;28;;5;;;011;817COIII2172;Coordenador;Comercial;JAA;DB;Terceiro;N;RH;Não;Sim;Sim
COIII;355;3989;Igor Iglezias Perdomo;1978-12-28;1996-12-23;;213;7958,5;3183,4;176;715,68;;XSI5504-SLX;141;17;;50;;;011;771COIII4076;Coordenador;Comercial;JAA;DB;Terceiro;N;RH;Não;Sim;Sim
COIII;362;3156;Juliana Stockler;1986-03-01;2014-05-13;;243;674;269,6;154;816,48;;URJ3143-GLJ;118;54;;29;;;011;613COIII1634;Coordenador;Comercial;JAA;DB;Terceiro;N;RH;Não;Sim;Sim
COIII;375;3828;Ana Sabino de Azevedo Duarte silva;1980-12-28;1999-10-14;;166;6657,5;2663;308;557,76;;IPH8389-PKD;72;59;;48;;;011;449COIII4850;Coordenador;Comercial;JAA;DB;Terceiro;N;RH;Não;Sim;Sim
COIII;389;6596;Juan Daumas de Azevedo Assumpção;1984-04-12;2005-09-22;2009-08-21;165;11115;4446;198;554,4;;HYS1186-QEW;140;20;;123;;;011;886COIII5364;Coordenador;Comercial;JAA;DB;Terceiro;N;RH;Não;Sim;Sim
COIII;516;6411;Beatriz Virginio;1981-01-27;1999-01-23;2004-03-14;189;5068;2027,2;264;635,04;;OSL2416-ETO;126;3;;62;;;011;158COIII4746;Coordenador;Comercial;JAA;DB;Terceiro;N;RH;Não;Sim;Sim
COIII;532;4074;João Cavalcanti Alves;1970-05-13;1998-08-12;2003-06-10;176;10979;4391,6;176;591,36;;OOJ5936-QBW;117;23;;70;;;011;401COIII3256;Coordenador;Comercial;JAA;DB;Terceiro;N;RH;Não;Sim;Sim
FII;14;5853;Jessica Oliveira Lima;1986-02-05;2004-02-01;;180;1091;436,4;220;604,8;;FLF3450-RHQ;142;28;;111;;;322;843FII9637;Estagiário;Financeiro;CBB;JA;Efetivo;N;Gerente;Não;Sim;Sim
FII;48;7520;Marianna Pereira da Silva;1997-10-06;2015-10-02;;247;1973,5;789,4;176;829,92;;XJE6537-GZR;67;16;;160;;;322;993FII7473;Estagiário;Financeiro;CBB;JA;Efetivo;N;Gerente;Não;Sim;Sim
FII;74;2885;Átila Godoy de Melo;1985-02-10;2012-02-23;;199;4415,5;1766,2;264;668,64;;NST2030-PTV;35;3;;12;;;322;653FII7888;Estagiário;Financeiro;CBB;JA;Efetivo;N;Gerente;Não;Sim;Sim
FII;117;7301;Flávio Jacques Gamboa Fernandez de Oliveira Netto;1994-09-28;2012-09-23;;183;8854,5;3541,8;220;614,88;;KFU4502-QCO;121;0;;111;;;322;288FII9056;Estagiário;Financeiro;CBB;JA;Efetivo;N;Gerente;Não;Sim;Sim
FII;151;3305;Ângelo Gois;1975-09-08;2009-04-20;;213;7295,5;2918,2;220;715,68;;BQF8965-XEK;31;9;;174;;;322;251FII4925;Estagiário;Financeiro;CBB;JA;Efetivo;N;Gerente;Não;Sim;Sim
FII;164;3709;Bruna da Cruz Barcelos;1975-09-21;2003-08-20;2011-04-10;152;8074;3229,6;286;510,72;;TGV2973-AIY;70;11;;99;;;322;959FII6061;Estagiário;Financeiro;CBB;JA;Efetivo;N;Gerente;Não;Sim;Sim
FII;166;6372;Fabio Melo Eiras;1978-08-04;2004-02-15;;228;2106;842,4;308;766,08;;WKR1861-GXJ;83;30;;124;;;322;257FII0331;Estagiário;Financeiro;CBB;JA;Efetivo;N;Gerente;Não;Sim;Sim
FII;170;6455;Lígia Fernandes Filardi;1995-12-19;2013-12-14;;170;6866;2746,4;286;571,2;;LZP1912-ZNC;24;13;;153;;;322;935FII1288;Estagiário;Financeiro;CBB;JA;Efetivo;N;Gerente;Não;Sim;Sim
FII;217;5320;Amanda Pessanha;1989-04-29;2014-04-19;;230;8184;3273,6;176;772,8;;VMR2392-JTZ;27;53;;63;;;322;686FII1125;Estagiário;Financeiro;CBB;JA;Efetivo;N;Gerente;Não;Sim;Sim
FII;228;3768;Lucas Luca Lima Barbosa;1995-09-18;2013-09-13;2018-01-05;217;2535;1014;242;729,12;;FZD8381-VKP;61;51;;74;;;322;610FII7493;Estagiário;Financeiro;CBB;JA;Efetivo;N;Gerente;Não;Sim;Sim
FII;239;3623;Pedro Domingos;1988-05-21;2006-05-17;;226;1657;662,8;242;759,36;;IUU8732-TGE;120;34;;22;;;322;178FII2554;Estagiário;Financeiro;CBB;JA;Efetivo;N;Gerente;Não;Sim;Sim
FII;243;6151;Juliana Rodrigues;1977-07-10;2015-07-01;;173;2964,5;1185,8;242;581,28;;WGI6841-OEE;43;24;;15;;;322;881FII9923;Estagiário;Financeiro;CBB;JA;Efetivo;N;Gerente;Não;Sim;Sim
FII;265;4566;Mariana Garcia Soares;1973-01-27;2003-08-24;;160;3901,5;1560,6;220;537,6;;QWX8931-OQZ;140;23;;137;;;322;755FII9048;Estagiário;Financeiro;CBB;JA;Efetivo;N;Gerente;Não;Sim;Sim
FII;287;4628;Andre Ribeiro da Costa;1998-05-01;2016-04-26;;182;3731;1492,4;154;611,52;;WCZ9008-AXA;113;30;;145;;;322;192FII6622;Estagiário;Financeiro;CBB;JA;Efetivo;N;Gerente;Não;Sim;Sim
FII;322;6428;Luiza Sobrinho Pereira;1995-10-01;2016-03-07;;204;7244;2897,6;308;685,44;;SSR5237-ZUW;109;48;;60;;;322;404FII6521;Estagiário;Financeiro;CBB;JA;Efetivo;N;Gerente;Não;Sim;Sim
FII;324;7247;Camila Regis Ivo;1992-07-01;2016-01-18;;207;10868,5;4347,4;242;695,52;;LEE6645-MII;143;28;;94;;;322;314FII1963;Estagiário;Financeiro;CBB;JA;Efetivo;N;Gerente;Não;Sim;Sim
FII;346;3996;Thalles Jordão Teixeira;1996-09-07;2014-09-03;;150;5464,5;2185,8;154;504;;ZMU5174-QRQ;55;27;;125;;;322;344FII8686;Estagiário;Financeiro;CBB;JA;Efetivo;N;Gerente;Não;Sim;Sim
FII;356;5970;Mariana Bach;1970-02-02;1992-07-13;1995-08-06;250;1927;770,8;198;840;;IJZ9204-CMO;73;31;;21;;;322;244FII3788;Estagiário;Financeiro;CBB;JA;Efetivo;N;Gerente;Não;Sim;Sim
FII;360;4847;Lucas Short Santa Cecilia;1999-11-30;2017-11-25;;191;7518;3007,2;154;641,76;;JLM3098-QXA;104;47;;172;;;322;209FII0451;Estagiário;Financeiro;CBB;JA;Efetivo;N;Gerente;Não;Sim;Sim
FII;379;1538;Pedro Lopes de Oliveira;1972-07-27;1993-09-20;;229;9673;3869,2;220;769,44;;TZX3370-PID;30;40;;37;;;322;379FII2855;Estagiário;Financeiro;CBB;JA;Efetivo;N;Gerente;Não;Sim;Sim
FII;409;5428;Gabriela e Alves;1999-05-09;2017-05-04;;162;3180,5;1272,2;264;544,32;;ZAV7938-HDT;138;39;;124;;;322;843FII2566;Estagiário;Financeiro;CBB;JA;Efetivo;N;Gerente;Não;Sim;Sim
FII;454;3836;João Rodrigues;1991-01-04;2008-12-30;;224;10459;4183,6;198;752,64;;IAB3275-WNU;100;18;;95;;;322;351FII1540;Estagiário;Financeiro;CBB;JA;Efetivo;N;Gerente;Não;Sim;Sim
FII;457;1055;Arthur Gonzalez Assef Miranda;1983-09-29;2005-04-19;;196;1483;593,2;154;658,56;;EYQ6682-BPO;72;23;;50;;;322;758FII8176;Estagiário;Financeiro;CBB;JA;Efetivo;N;Gerente;Não;Sim;Sim
FII;473;3485;Vinícius Lencastre;1978-10-07;2001-10-08;;155;5921,5;2368,6;286;520,8;;IZZ8128-WWE;135;2;;157;;;322;690FII3224;Estagiário;Financeiro;CBB;JA;Efetivo;N;Gerente;Não;Sim;Sim
OPII;6;7725;Audir de Avila Goulart;1999-05-19;2017-06-12;;177;11844;4737,6;242;594,72;;EOZ6407-AHG;75;27;;55;150;;010;308OPII6508;Analista;Operações;JAJ;DB;Terceiro;N;RH;Não;Sim;Sim
OPII;8;4276;Gil Bonder;1989-06-22;2007-06-18;;229;1770;708;198;769,44;;PRS1638-RLS;121;12;;37;;;010;605OPII9305;Analista;Operações;JAJ;DB;Terceiro;N;RH;Não;Sim;Sim
OPII;19;3290;Felipe Sousa Melo;1997-07-23;2015-07-19;2018-01-05;150;2430;972;308;504;;FPP1975-CAF;70;40;;55;;;010;456OPII5281;Analista;Operações;JAJ;DB;Terceiro;N;RH;Não;Sim;Sim
OPII;20;7559;Pedro Fontes;1993-01-31;2011-01-27;2012-03-04;239;6249,5;2499,8;176;803,04;;LGB7431-USR;146;44;;11;;;010;306OPII3392;Analista;Operações;JAJ;DB;Terceiro;N;RH;Não;Sim;Sim
OPII;29;1998;Cícero Barcelos Tagliari;1978-05-31;2007-07-30;;190;5641,5;2256,6;176;638,4;;SLH6203-TXJ;32;34;;85;;;010;443OPII1531;Analista;Operações;JAJ;DB;Terceiro;N;RH;Não;Sim;Sim
OPII;53;5452;Gabriel Rozental;1980-06-28;2000-04-05;2004-05-31;196;936;374,4;242;658,56;;ABL7203-DSP;63;54;;25;;;010;613OPII8907;Analista;Operações;JAJ;DB;Terceiro;N;RH;Não;Sim;Sim
OPII;71;5274;Leonardo Valença Castro;1989-04-03;2014-12-28;;203;8027;3210,8;176;682,08;;TDB7254-SAT;137;31;;107;;;010;592OPII6564;Analista;Operações;JAJ;DB;Terceiro;N;RH;Não;Sim;Sim
OPII;75;2035;Nicole Marquito de Paiva Torres;1997-06-06;2015-06-02;2016-09-19;205;4893,5;1957,4;286;688,8;;LEQ5001-ESK;131;41;;180;;;010;474OPII5923;Analista;Operações;JAJ;DB;Terceiro;N;RH;Não;Sim;Sim
OPII;96;7131;Daniel Thuler;1977-10-03;2004-03-13;2005-03-05;204;1476;590,4;286;685,44;;VSF2348-RTV;55;12;;113;;;010;927OPII0089;Analista;Operações;JAJ;DB;Terceiro;N;RH;Não;Sim;Sim
OPII;114;5147;Natalia Indelicato;1979-08-17;2004-07-15;2012-06-07;174;10070,5;4028,2;242;584,64;;YNF2039-LUJ;132;35;;104;;;010;930OPII9535;Analista;Operações;JAJ;DB;Terceiro;N;RH;Não;Sim;Sim
OPII;181;5003;Tiago de Araújo Júnior;1988-03-24;2013-02-13;;198;1138,5;455,4;264;665,28;;AGJ3799-JRR;143;30;;167;;;010;317OPII2733;Analista;Operações;JAJ;DB;Terceiro;N;RH;Não;Sim;Sim
OPII;183;3370;Jaqueline Rimolo de Menezes;1995-05-05;2013-04-30;;161;11543,5;4617,4;242;540,96;;QJR6923-SEZ;41;20;;107;;;010;477OPII0423;Analista;Operações;JAJ;DB;Terceiro;N;RH;Não;Sim;Sim
OPII;214;6515;Marcus de Azevedo;1970-11-10;2008-07-09;;179;2351;940,4;242;601,44;;TAO4764-NVQ;50;16;;137;;;010;637OPII2095;Analista;Operações;JAJ;DB;Terceiro;N;RH;Não;Sim;Sim
OPII;233;6776;Bruno de Almeida Silva;1972-01-11;2009-01-14;;220;5692;2276,8;198;739,2;;FZI3238-KRL;86;21;;113;;;010;252OPII9164;Analista;Operações;JAJ;DB;Terceiro;N;RH;Não;Sim;Sim
OPII;240;6688;Ana Alvarenga dos Santos;1991-05-26;2009-05-21;2018-01-05;196;5660,5;2264,2;176;658,56;;LPF1913-MWR;141;51;;168;;;010;435OPII9030;Analista;Operações;JAJ;DB;Terceiro;N;RH;Não;Sim;Sim
OPII;255;5696;Catarina Virginio;1982-03-14;2011-05-31;;242;8048;3219,2;220;813,12;;LUH1798-WDO;42;46;;51;;;010;118OPII2053;Analista;Operações;JAJ;DB;Terceiro;N;RH;Não;Sim;Sim
OPII;269;3407;José Guimarães;1980-10-05;2010-07-27;;204;1137,5;455;264;685,44;;GZD5514-YBU;110;7;;156;;;010;756OPII3592;Analista;Operações;JAJ;DB;Terceiro;N;RH;Não;Sim;Sim
OPII;291;1182;Amanda de Lacerda;1992-11-23;2012-08-15;;194;5799,5;2319,8;176;651,84;;ITL8735-BOJ;72;56;;43;;;010;774OPII8092;Analista;Operações;JAJ;DB;Terceiro;N;RH;Não;Sim;Sim
OPII;307;4937;Bernardo Essaber;1971-08-31;2002-01-17;;185;1740,5;696,2;242;621,6;;NRU5664-LIJ;127;10;;170;;;010;476OPII5713;Analista;Operações;JAJ;DB;Terceiro;N;RH;Não;Sim;Sim
OPII;338;4852;Eduardo Paes Leme;1999-02-06;2017-02-01;;188;11205;4482;176;631,68;;FYR4855-YXJ;143;27;;188;;;010;936OPII6115;Analista;Operações;JAJ;DB;Terceiro;N;RH;Não;Sim;Sim
OPII;341;2593;Marta de Oliveira;1975-08-01;2009-12-25;2013-11-02;246;12373,5;4949,4;242;826,56;;KDR5971-JUB;79;47;;34;;;010;167OPII5862;Analista;Operações;JAJ;DB;Terceiro;N;RH;Não;Sim;Sim
OPII;348;4521;Suelen Lander Regasso;1999-01-04;2016-12-30;2018-01-05;236;5998,5;2399,4;308;792,96;;DLL5481-NBE;37;32;;111;;;010;837OPII2383;Analista;Operações;JAJ;DB;Terceiro;N;RH;Não;Sim;Sim
OPII;390;5646;Lucas Guadagnino;1988-02-07;2009-12-27;;150;2976,5;1190,6;308;504;;KRX2714-JCP;139;50;;92;;;010;400OPII9783;Analista;Operações;JAJ;DB;Terceiro;N;RH;Não;Sim;Sim
OPII;417;2594;Carolina Araujo Sagrillo;1995-12-11;2013-12-06;;216;2314;925,6;220;725,76;;PPA8052-JLL;61;2;;186;;;010;997OPII3466;Analista;Operações;JAJ;DB;Terceiro;N;RH;Não;Sim;Sim
OPII;426;5185;Tiago Souza Tanaka;1970-07-25;1995-08-27;;184;10510,5;4204,2;154;618,24;;XYN2222-SLU;64;50;;62;874;;010;391OPII4566;Analista;Operações;JAJ;DB;Terceiro;N;RH;Não;Sim;Sim
OPII;447;3044;Gabriela Romeu;1983-11-26;2004-11-01;;237;3538,5;1415,4;286;796,32;;IAN6030-YPO;86;57;;134;;;010;932OPII7347;Analista;Operações;JAJ;DB;Terceiro;N;RH;Não;Sim;Sim
OPII;456;2868;Luiza Garcia Soares;1995-02-19;2013-02-14;;192;5629;2251,6;308;645,12;;ZJJ3635-VGA;70;16;;140;;;010;113OPII5855;Analista;Operações;JAJ;DB;Terceiro;N;RH;Não;Sim;Sim
OPII;507;7423;Thiago Fernandes de Araújo;1974-06-01;1996-01-07;;248;6862,5;2745;176;833,28;;UBN6423-KEQ;79;36;;107;;;010;654OPII6282;Analista;Operações;JAJ;DB;Terceiro;N;RH;Não;Sim;Sim
OPII;523;3743;Bernardo Silva;1982-06-17;2013-12-15;;172;1612;644,8;242;577,92;;PTN9089-EEN;135;34;;3;;;010;269OPII4161;Analista;Operações;JAJ;DB;Terceiro;N;RH;Não;Sim;Sim
OPII;527;3150;Brenno Silva;1983-08-23;2001-08-18;;233;3546;1418,4;308;782,88;;NJU3438-GDB;114;39;;50;15;;010;541OPII5882;Analista;Operações;JAJ;DB;Terceiro;N;RH;Não;Sim;Sim
ADII;4;5238;Guilherme Nunez;1993-05-07;2011-05-03;;156;10652,5;4261;220;524,16;;UXE5742-IZD;101;41;;176;;;213;968ADII3200;Analista;Administrativo;BAC;DB;Terceiro;N;RH;Não;Sim;Sim
ADII;5;5182;Adelino Gomes;1974-03-30;2000-03-16;;216;2549;1019,6;176;725,76;;OKI6642-TSV;35;9;;121;;;213;332ADII8897;Analista;Administrativo;BAC;DB;Terceiro;N;RH;Não;Sim;Sim
ADII;11;3626;André Melo Soledade;1972-08-17;1997-06-13;;214;4977,5;1991;198;719,04;;LFE7557-VUB;142;6;;191;;;213;182ADII0300;Analista;Administrativo;BAC;DB;Terceiro;N;RH;Não;Sim;Sim
ADII;12;1651;Natalia Morgan Loureiro;1971-01-30;1990-01-11;1999-12-21;168;1589,5;635,8;154;564,48;;GGD4018-YSH;95;11;;50;1500;;213;413ADII9625;Analista;Administrativo;BAC;DB;Terceiro;N;RH;Não;Sim;Sim
ADII;35;1949;Carolina Gaspar de Mattos      ;1977-03-22;2006-11-26;;167;5039;2015,6;198;561,12;;STD4596-HEB;109;46;;84;;;213;886ADII6799;Analista;Administrativo;BAC;DB;Terceiro;N;RH;Não;Sim;Sim
ADII;42;2469;Beatriz Rodrigues;1987-02-02;2005-01-28;2008-06-27;184;8083,5;3233,4;264;618,24;;ZTM5967-ENB;104;25;;25;;;213;743ADII7381;Analista;Administrativo;BAC;DB;Terceiro;N;RH;Não;Sim;Sim
ADII;63;3903;João Monteiro;1988-04-26;2013-06-20;;246;5991,5;2396,6;264;826,56;;JLS3846-OSF;38;37;;174;;;213;226ADII1166;Analista;Administrativo;BAC;DB;Terceiro;N;RH;Não;Sim;Sim
ADII;76;2640;Lucas de Jesus;1985-11-20;2004-09-25;;182;9810,5;3924,2;154;611,52;;NJB1928-VMR;26;57;;18;;;213;427ADII8530;Analista;Administrativo;BAC;DB;Terceiro;N;RH;Não;Sim;Sim
ADII;77;7235;Bruno de Souza;1973-11-13;2013-03-01;;246;10024;4009,6;154;826,56;;BLJ4436-ZDQ;59;19;;9;;;213;646ADII4998;Analista;Administrativo;BAC;DB;Terceiro;N;RH;Não;Sim;Sim
ADII;127;3373;Isabelle de Sá Foly;1970-08-10;2010-02-10;;247;7293;2917,2;286;829,92;;YSX1858-YMW;124;52;;183;;;213;184ADII1333;Analista;Administrativo;BAC;DB;Terceiro;N;RH;Não;Sim;Sim
ADII;148;7012;Caio Stellet;1991-02-07;2011-09-22;;167;12298;4919,2;242;561,12;;TMD1163-TEI;127;21;;199;;;213;394ADII3762;Analista;Administrativo;BAC;DB;Terceiro;N;RH;Não;Sim;Sim
ADII;186;2997;Raíza Barbosa;1994-05-26;2017-01-27;;223;7786,5;3114,6;220;749,28;;MFK5498-ODC;80;23;;189;;;213;758ADII4333;Analista;Administrativo;BAC;DB;Terceiro;N;RH;Não;Sim;Sim
ADII;201;4460;Julia Martins do Nascimento;1975-06-19;2000-06-20;;161;3427;1370,8;286;540,96;;OAJ2936-VJJ;131;33;;101;;;213;520ADII5903;Analista;Administrativo;BAC;DB;Terceiro;N;RH;Não;Sim;Sim
ADII;208;1326;Matheus Matta Marques;1988-01-09;2013-09-09;;155;6524,5;2609,8;154;520,8;;PRV3676-YLK;98;60;;154;;;213;797ADII3784;Analista;Administrativo;BAC;DB;Terceiro;N;RH;Não;Sim;Sim
ADII;247;6262;Lorena de Moraes Junior;1974-12-11;2012-07-29;2018-01-05;214;2096;838,4;242;719,04;;WLZ9413-AGY;53;28;;23;;;213;744ADII3950;Analista;Administrativo;BAC;DB;Terceiro;N;RH;Não;Sim;Sim
ADII;251;3226;Julia Andrade Gomes;1974-06-05;2008-04-18;;216;1088;435,2;176;725,76;;FZC9462-EUC;113;39;;82;;;213;122ADII6467;Analista;Administrativo;BAC;DB;Terceiro;N;RH;Não;Sim;Sim
ADII;253;4173;Pedro Testahy Barros Afonso;1985-12-06;2009-04-15;2016-04-30;248;6285;2514;154;833,28;;QUN8008-MOJ;122;52;;174;;;213;378ADII5862;Analista;Administrativo;BAC;DB;Terceiro;N;RH;Não;Sim;Sim
ADII;271;5397;Arthur Gonçalo Cavalcanti;1971-06-24;2002-02-01;;211;9985,5;3994,2;308;708,96;;QYM4098-LPR;94;28;;109;;;213;629ADII3621;Analista;Administrativo;BAC;DB;Terceiro;N;RH;Não;Sim;Sim
ADII;275;4058;Norman de Souza;1986-10-01;2004-09-26;2011-08-11;215;5321;2128,4;220;722,4;;OZB5329-UBA;102;46;;6;;;213;659ADII6337;Analista;Administrativo;BAC;DB;Terceiro;N;RH;Não;Sim;Sim
ADII;306;6368;Milena Brum;1997-02-12;2015-02-08;;154;4534,5;1813,8;220;517,44;;VEB9376-NZS;79;55;;57;;;213;220ADII0473;Analista;Administrativo;BAC;DB;Terceiro;N;RH;Não;Sim;Sim
ADII;311;6656;Flávia Jordao;1991-05-27;2015-03-31;;171;6336;2534,4;198;574,56;;PVK4389-RWX;90;8;;134;;;213;748ADII6613;Analista;Administrativo;BAC;DB;Terceiro;N;RH;Não;Sim;Sim
ADII;327;3239;Flávio Barbosa;1972-05-10;2010-02-04;;224;12099,5;4839,8;242;752,64;;NWU5035-HRZ;78;37;;190;;;213;810ADII7417;Analista;Administrativo;BAC;DB;Terceiro;N;RH;Não;Sim;Sim
ADII;366;5104;Wendela da Cunha;1977-10-13;2005-05-13;;209;10650,5;4260,2;176;702,24;;OMJ4500-BJG;42;45;;198;;;213;311ADII6146;Analista;Administrativo;BAC;DB;Terceiro;N;RH;Não;Sim;Sim
ADII;373;2084;Roberta Procaci;1970-08-12;2008-05-02;;226;8061;3224,4;286;759,36;;KVN5164-WIS;20;36;;87;;;213;548ADII6962;Analista;Administrativo;BAC;DB;Terceiro;N;RH;Não;Sim;Sim
ADII;378;4857;Patricia Jorge;1984-12-24;2007-05-30;2013-04-21;178;12396;4958,4;308;598,08;;ISS6168-MWX;107;38;;137;;;213;235ADII4097;Analista;Administrativo;BAC;DB;Terceiro;N;RH;Não;Sim;Sim
ADII;396;5223;Bianca Aguiar;1987-04-13;2016-03-05;;194;7050,5;2820,2;242;651,84;;YEC1852-WTN;150;46;;53;;;213;754ADII6498;Analista;Administrativo;BAC;DB;Terceiro;N;RH;Não;Sim;Sim
ADII;451;2023;Rodrigo Venceslau Santos de Gusmão;1996-08-14;2014-08-10;;199;7612;3044,8;242;668,64;;IYI3125-ISP;105;32;;84;;;213;276ADII8417;Analista;Administrativo;BAC;DB;Terceiro;N;RH;Não;Sim;Sim
ADII;461;7902;Vinicius Monteiro;1995-09-13;2014-05-31;;211;8592;3436,8;220;708,96;;JIS3275-TCK;123;52;;156;;;213;906ADII4567;Analista;Administrativo;BAC;DB;Terceiro;N;RH;Não;Sim;Sim
ADII;462;5451;Lucas Procaci;1992-03-19;2010-03-15;;220;2994,5;1197,8;264;739,2;;BYM2976-CEN;98;37;;38;;;213;625ADII7246;Analista;Administrativo;BAC;DB;Terceiro;N;RH;Não;Sim;Sim
ADII;474;4720;Daniel Pinto Anastácio Machado;1990-10-06;2014-04-28;;231;3496;1398,4;176;776,16;;DXC9262-KXA;124;55;;196;;;213;747ADII5163;Analista;Administrativo;BAC;DB;Terceiro;N;RH;Não;Sim;Sim
ADII;497;2031;João Resinente;1996-09-15;2014-09-11;;247;11628;4651,2;308;829,92;;BUP1490-QQG;144;32;;132;;;213;837ADII7641;Analista;Administrativo;BAC;DB;Terceiro;N;RH;Não;Sim;Sim
ADII;501;2648;Yuri Vasconcelos;1984-11-08;2002-11-04;2009-05-05;190;9804,5;3921,8;264;638,4;;DRF3116-OJS;145;26;;99;;;213;143ADII9639;Analista;Administrativo;BAC;DB;Terceiro;N;RH;Não;Sim;Sim
ADII;506;5637;Bianca Lemos;1983-04-25;2001-04-20;;220;11253;4501,2;286;739,2;;BRH5565-QGH;65;8;;188;;;213;508ADII4927;Analista;Administrativo;BAC;DB;Terceiro;N;RH;Não;Sim;Sim
ADII;520;6153;Flávio Silva Mendonça;1996-11-30;2014-11-26;;176;5156,5;2062,6;220;591,36;;WPN9829-NLY;111;3;;166;;;213;942ADII8595;Analista;Administrativo;BAC;DB;Terceiro;N;RH;Não;Sim;Sim
FIII;9;6625;Gustavo de Melo Teixeira;1990-07-05;2008-06-30;;222;11756;4702,4;242;745,92;;NLT6797-NHJ;90;49;;116;;;322;861FIII9799;Analista;Financeiro;CBB;DB;Terceiro;N;RH;Não;Sim;Sim
FIII;16;2299;Vinicius Freitas;1988-12-23;2016-09-05;;236;1205,5;482,2;264;792,96;;FVH3591-YKG;38;29;;38;;;322;472FIII0246;Analista;Financeiro;CBB;DB;Terceiro;N;RH;Não;Sim;Sim
FIII;37;4178;Marcos Almeida Albuquerque Faria;1978-02-26;2016-11-28;;161;1699;679,6;242;540,96;;CRA1678-EWX;117;25;;120;;;322;616FIII1228;Analista;Financeiro;CBB;DB;Terceiro;N;RH;Não;Sim;Sim
FIII;68;7895;Fernanda Rossini;1982-11-08;2002-07-05;;217;8971,5;3588,6;264;729,12;;PMV6244-DZH;102;40;;4;;;322;373FIII4309;Analista;Financeiro;CBB;DB;Terceiro;N;RH;Não;Sim;Sim
FIII;93;6490;Rafael Hollander;1998-08-24;2016-08-19;;225;2466,5;986,6;198;756;;RMY9279-EYU;37;45;;171;;;322;593FIII1948;Analista;Financeiro;CBB;DB;Terceiro;N;RH;Não;Sim;Sim
FIII;122;5007;Thaís Lisboa;1983-06-09;2016-08-20;;243;1391;556,4;286;816,48;;XDE9070-AJN;36;21;;80;;;322;455FIII7036;Analista;Financeiro;CBB;DB;Terceiro;N;RH;Não;Sim;Sim
FIII;136;2517;Julia Valim;1986-01-22;2005-03-05;2012-04-08;215;5480,5;2192,2;154;722,4;;ELZ6317-QGI;66;22;;191;;;322;374FIII7102;Analista;Financeiro;CBB;DB;Terceiro;N;RH;Não;Sim;Sim
FIII;176;2358;Eduarda Mello;1980-05-10;1998-05-06;;240;3368,5;1347,4;198;806,4;;NPJ7823-UTP;104;40;;71;;;322;901FIII1291;Analista;Financeiro;CBB;DB;Terceiro;N;RH;Não;Sim;Sim
FIII;182;5153;Joāo Leite Ursulino;1998-03-21;2016-03-16;;199;3351,5;1340,6;220;668,64;;HPN5936-XOD;111;49;;30;;;322;645FIII6499;Analista;Financeiro;CBB;DB;Terceiro;N;RH;Não;Sim;Sim
FIII;197;3910;Marina de Godoy;1976-10-05;2004-05-07;;161;4114,5;1645,8;264;540,96;;NOE5007-ZQR;93;1;;80;;;322;653FIII9103;Analista;Financeiro;CBB;DB;Terceiro;N;RH;Não;Sim;Sim
FIII;213;7803;Eric Amante;1972-05-08;2000-07-20;;161;10108,5;4043,4;176;540,96;;YLH3342-FSN;24;0;;113;;;322;431FIII3650;Analista;Financeiro;CBB;DB;Terceiro;N;RH;Não;Sim;Sim
FIII;232;6993;Nathalia Bach;1978-10-12;2015-09-22;2018-01-05;152;11143;4457,2;154;510,72;;QHT4347-LXV;105;26;;15;;;322;921FIII5638;Analista;Financeiro;CBB;DB;Terceiro;N;RH;Não;Sim;Sim
FIII;234;4311;Maryanna Ferraz;1995-11-09;2013-11-04;;155;10205,5;4082,2;264;520,8;;XIG2823-MZZ;150;16;;36;;;322;646FIII8094;Analista;Financeiro;CBB;DB;Terceiro;N;RH;Não;Sim;Sim
FIII;248;3496;Priscila de Oliveira;1997-06-12;2015-06-08;;186;5353,5;2141,4;198;624,96;;BRI4603-SPO;45;56;;198;;;322;684FIII3554;Analista;Financeiro;CBB;DB;Terceiro;N;RH;Não;Sim;Sim
FIII;254;4603;Igor Jimenez Jimbo;1972-11-23;1992-03-02;1996-07-06;239;1353,5;541,4;242;803,04;;TJB5052-LMM;137;15;;170;;;322;451FIII7467;Analista;Financeiro;CBB;DB;Terceiro;N;RH;Não;Sim;Sim
FIII;270;1706;Carlos Santos Matta;1984-02-17;2002-02-12;;200;8743,5;3497,4;308;672;;EKF2037-GGO;47;51;;34;;;322;893FIII3963;Analista;Financeiro;CBB;DB;Terceiro;N;RH;Não;Sim;Sim
FIII;280;5517;Luiz Ladogano;1981-05-22;2010-02-13;;179;1459;583,6;242;601,44;;UFL4627-IUP;140;23;;87;;;322;873FIII1636;Analista;Financeiro;CBB;DB;Terceiro;N;RH;Não;Sim;Sim
FIII;301;6065;Luis Azevedo;1987-10-10;2005-10-05;;167;10565;4226;176;561,12;;QTZ3455-BYB;83;46;;135;;;322;140FIII1426;Analista;Financeiro;CBB;DB;Terceiro;N;RH;Não;Sim;Sim
FIII;314;1384;Igor Fiorenza Duque Pinho;1983-05-12;2001-05-07;2003-04-01;215;2786,5;1114,6;286;722,4;;LVX9163-DCY;79;44;;6;;;322;993FIII4991;Analista;Financeiro;CBB;DB;Terceiro;N;RH;Não;Sim;Sim
FIII;328;5025;Igor Feijo;1978-07-09;2017-06-29;;190;2111;844,4;242;638,4;;YCF9832-HFN;61;41;;153;;;322;828FIII2406;Analista;Financeiro;CBB;DB;Terceiro;N;RH;Não;Sim;Sim
FIII;345;7391;Marina Duarte Barbosa;1987-09-05;2007-02-19;;242;1942,5;777;308;813,12;;IXR3772-YDM;23;44;;172;;;322;562FIII8588;Analista;Financeiro;CBB;DB;Terceiro;N;RH;Não;Sim;Sim
FIII;395;6666;Sarah de Carvalho Gomes;1991-02-22;2009-02-17;;171;8318,5;3327,4;308;574,56;;BQW9343-GZM;146;57;;7;;;322;446FIII5951;Analista;Financeiro;CBB;DB;Terceiro;N;RH;Não;Sim;Sim
FIII;404;1280;Francyne Souza;1975-10-24;1999-06-02;;250;9701,5;3880,6;286;840;;GPO6446-ASO;46;46;;77;;;322;839FIII5071;Analista;Financeiro;CBB;DB;Terceiro;N;RH;Não;Sim;Sim
FIII;424;6066;Leonardo Dias;1970-11-14;1993-10-04;2000-04-16;164;6112;2444,8;264;551,04;;ZJL9482-CNJ;150;55;;198;;;322;909FIII9092;Analista;Financeiro;CBB;DB;Terceiro;N;RH;Não;Sim;Sim
FIII;429;6435;Rafaela de Godoy;1970-05-24;1992-07-29;;195;10331,5;4132,6;176;655,2;;RMW7354-SFN;85;23;;110;;;322;714FIII6336;Analista;Financeiro;CBB;DB;Terceiro;N;RH;Não;Sim;Sim
FIII;441;1845;Paula Pessanha;1974-06-19;2006-08-24;;194;8254;3301,6;264;651,84;;NBC5308-PUD;75;42;;34;;;322;478FIII2609;Analista;Financeiro;CBB;DB;Terceiro;N;RH;Não;Sim;Sim
FIII;452;2223;Desirée Castro Guimarães;1971-02-20;2008-06-23;;162;7632,5;3053;264;544,32;;IBY2824-WSE;135;37;;30;;;322;949FIII4745;Analista;Financeiro;CBB;DB;Terceiro;N;RH;Não;Sim;Sim
FIII;504;6365;Diego de Melo Teixeira;1987-07-27;2008-01-13;2012-10-02;247;3620;1448;176;829,92;;MME3032-KZC;57;43;;89;;;322;186FIII9261;Analista;Financeiro;CBB;DB;Terceiro;N;RH;Não;Sim;Sim
FIII;508;1558;João Negrelli;1977-12-15;2008-06-06;2018-01-05;186;9627,5;3851;286;624,96;;UOY9797-LMN;70;60;;151;;;322;437FIII8349;Analista;Financeiro;CBB;DB;Terceiro;N;RH;Não;Sim;Sim
FIII;512;2404;Bruno Paes Leme;1983-09-14;2014-09-04;;190;705;282;154;638,4;;FSW8142-BGK;34;29;;94;;;322;788FIII1054;Analista;Financeiro;CBB;DB;Terceiro;N;RH;Não;Sim;Sim
ADIII;10;4219;Andre Campos;1989-07-01;2013-02-25;;214;12428,5;4971,4;264;719,04;;SXZ6534-MCZ;55;21;;164;;;213;156ADIII0221;Coordenador;Administrativo;BAC;DB;Terceiro;N;RH;Não;Sim;Sim
ADIII;15;5261;Caio Scalabrin;1970-06-07;1998-08-17;2008-06-14;203;11340;4536;242;682,08;;FRY7251-EVJ;54;25;;77;;;213;791ADIII4390;Coordenador;Administrativo;BAC;DB;Terceiro;N;RH;Não;Sim;Sim
ADIII;32;4931;Marina Silva Pacheco;1981-02-16;2002-02-24;;188;12135,5;4854,2;308;631,68;;JUC7439-HDH;23;4;;149;;;213;444ADIII9176;Coordenador;Administrativo;BAC;DB;Terceiro;N;RH;Não;Sim;Sim
ADIII;33;3835;Luana Lopes;1982-06-17;2016-01-31;2018-01-05;217;10109;4043,6;264;729,12;;GPT8665-PVU;80;17;;68;;;213;638ADIII2776;Coordenador;Administrativo;BAC;DB;Terceiro;N;RH;Não;Sim;Sim
ADIII;69;3339;Leandro Almeida Neri;1974-03-28;2000-08-24;;180;2405,5;962,2;220;604,8;;RGC2981-TIL;80;17;;147;;;213;630ADIII0992;Coordenador;Administrativo;BAC;DB;Terceiro;N;RH;Não;Sim;Sim
ADIII;87;1745;Luiz Rodrigues de Souza;1976-09-29;2004-06-29;2012-08-12;151;5806,5;2322,6;264;507,36;;APV6099-AHQ;111;38;;73;;;213;964ADIII1100;Coordenador;Administrativo;BAC;DB;Terceiro;N;RH;Não;Sim;Sim
ADIII;99;4719;Rafael Viana Santos;1989-10-15;2011-11-12;;206;9381,5;3752,6;154;692,16;;WZS2359-MIK;74;25;;23;;;213;509ADIII0884;Coordenador;Administrativo;BAC;DB;Terceiro;N;RH;Não;Sim;Sim
ADIII;119;5141;Hanna Vaz;1970-08-01;1995-07-19;;150;6784;2713,6;176;504;;ACR1951-NPN;135;0;;172;;;213;759ADIII5469;Coordenador;Administrativo;BAC;DB;Terceiro;N;RH;Não;Sim;Sim
ADIII;135;2192;Caroline Valente de Figueiredo;1987-07-15;2005-07-10;;247;6753;2701,2;154;829,92;;CMA4800-VMM;56;48;;90;;;213;932ADIII7519;Coordenador;Administrativo;BAC;DB;Terceiro;N;RH;Não;Sim;Sim
ADIII;139;6040;Paloma Albano;1982-04-21;2008-07-01;;188;7765,5;3106,2;220;631,68;;YEZ3462-EBW;128;26;;135;;;213;408ADIII1808;Coordenador;Administrativo;BAC;DB;Terceiro;N;RH;Não;Sim;Sim
ADIII;155;6989;Thayza Rocha;1975-03-30;2005-06-15;;232;2723,5;1089,4;220;779,52;;WPC7635-QHG;142;1;;131;;;213;259ADIII8903;Coordenador;Administrativo;BAC;DB;Terceiro;N;RH;Não;Sim;Sim
ADIII;195;4980;Adelino Werneck;1997-04-27;2015-04-23;;185;2917,5;1167;220;621,6;;CIY4932-WDJ;47;47;;123;;;213;754ADIII4945;Coordenador;Administrativo;BAC;DB;Terceiro;N;RH;Não;Sim;Sim
ADIII;220;4477;Gabriela Gômara;1971-04-07;2000-07-10;;165;10979,5;4391,8;264;554,4;;TBL7608-VNF;21;37;;49;;;213;868ADIII8881;Coordenador;Administrativo;BAC;DB;Terceiro;N;RH;Não;Sim;Sim
ADIII;226;3592;Cynthia Alvim;1976-08-23;2003-04-28;;166;1175,5;470,2;242;557,76;;NMU9452-VLN;26;8;;34;;;213;398ADIII7029;Coordenador;Administrativo;BAC;DB;Terceiro;N;RH;Não;Sim;Sim
COV;245;4929;Ana da Cunha;1970-01-28;1995-03-14;;179;1980;792;220;601,44;;IAL2823-TKS;131;52;;18;;;011;465COV8391;Diretor;Comercial;JAA;JE;Efetivo;S;Diretoria;Sim;Não;Sim
COV;252;6408;Marcelo Moita;1993-01-28;2013-02-28;;187;8767;3506,8;198;628,32;;EHE6421-GUR;150;0;;93;;;011;125COV5689;Diretor;Comercial;JAA;JE;Efetivo;S;Diretoria;Sim;Não;Sim
ADIII;279;1950;Júlia da Costa Cabral;1973-04-16;2003-10-20;;229;10099,5;4039,8;242;769,44;;SLV3586-IUK;119;40;;88;;;213;592ADIII7805;Coordenador;Administrativo;BAC;DB;Terceiro;N;RH;Não;Sim;Sim
COV;289;3837;Beatriz da Costa;1981-11-07;2011-08-03;;204;10642;4256,8;220;685,44;;ZYQ2691-EAF;97;20;;178;;;011;541COV0537;Diretor;Comercial;JAA;JE;Efetivo;S;Diretoria;Sim;Não;Sim
ADIII;299;5745;Elaine Lopes de Almeida;1979-10-02;2008-08-04;;156;5568;2227,2;286;524,16;;HUF6467-APM;142;25;;184;;;213;559ADIII4635;Coordenador;Administrativo;BAC;DB;Terceiro;N;RH;Não;Sim;Sim
ADIII;304;5496;Júlia Oliveira de Mello Silva;1994-02-03;2013-03-06;;176;4294,5;1717,8;198;591,36;;EBW4997-IOS;50;44;;136;;;213;795ADIII0820;Coordenador;Administrativo;BAC;DB;Terceiro;N;RH;Não;Sim;Sim
COV;305;4537;Pedro Michetti;1986-09-10;2009-04-23;;181;4477;1790,8;220;608,16;;DLI6124-ZMG;46;24;;55;;;011;387COV6662;Diretor;Comercial;JAA;JE;Efetivo;S;Diretoria;Sim;Não;Sim
ADIII;315;2515;Jeferson Ramos;1995-05-07;2013-05-02;;200;9411;3764,4;242;672;;VFN8880-HWK;149;60;;145;;;213;624ADIII6321;Coordenador;Administrativo;BAC;DB;Terceiro;N;RH;Não;Sim;Sim
COV;317;6042;Giulia Gaspar de Mattos      ;1981-01-09;2002-03-07;;165;3874;1549,6;220;554,4;;JXN4244-BAG;40;52;;29;;;011;736COV5416;Diretor;Comercial;JAA;JE;Efetivo;S;Diretoria;Sim;Não;Sim
ADIII;342;2754;Alfredo Machado Araujo;1986-08-14;2011-04-02;;220;8015;3206;198;739,2;;OIM6452-SJN;97;43;;200;;;213;369ADIII6197;Coordenador;Administrativo;BAC;DB;Terceiro;N;RH;Não;Sim;Sim
ADIII;358;6148;Cynthia Mercês;1972-04-26;1997-03-10;;239;9746,5;3898,6;198;803,04;;NCC5687-TCL;121;10;;120;;;213;943ADIII5388;Coordenador;Administrativo;BAC;DB;Terceiro;N;RH;Não;Sim;Sim
ADIII;398;7086;Jeferson Pinheiro Mariano;1998-01-23;2016-01-19;2018-01-05;161;3163;1265,2;154;540,96;;KTQ3383-AZW;35;33;;39;;;213;772ADIII0822;Coordenador;Administrativo;BAC;DB;Terceiro;N;RH;Não;Sim;Sim
ADIII;403;6742;Gabriel Vasconcelos de Sousa;1976-01-11;1998-11-25;;161;9616,5;3846,6;242;540,96;;ZBU2158-FLC;129;58;;131;;;213;993ADIII9986;Coordenador;Administrativo;BAC;DB;Terceiro;N;RH;Não;Sim;Sim
COV;410;4279;Caio Aversa;1985-09-22;2005-10-18;;170;7010,5;2804,2;220;571,2;;OUS2149-FPH;76;23;;3;;;011;929COV1047;Diretor;Comercial;JAA;JE;Efetivo;S;Diretoria;Sim;Não;Sim
COV;411;2408;Yuri Cruz;1972-06-23;2000-09-20;;232;11873,5;4749,4;176;779,52;;PJM9512-VXH;73;16;;111;;;011;464COV8729;Diretor;Comercial;JAA;JE;Efetivo;S;Diretoria;Sim;Não;Sim
COV;416;1711;Sarah Farias Mamede;1992-05-29;2010-05-25;2014-01-17;168;2823;1129,2;198;564,48;;FHC2107-NFM;122;42;;190;;;011;114COV7769;Diretor;Comercial;JAA;JE;Efetivo;S;Diretoria;Sim;Não;Sim
ADIII;421;1584;Rafael Oliveira Leite Silva;1999-12-13;2017-12-08;;205;6943;2777,2;220;688,8;;ZOD5266-WEM;132;21;;63;;;213;592ADIII2419;Coordenador;Administrativo;BAC;DB;Terceiro;N;RH;Não;Sim;Sim
ADIII;422;7762;João de Araújo  ;1994-01-05;2012-01-01;2013-08-14;181;5695;2278;264;608,16;;PMF1644-FJF;141;28;;59;;;213;360ADIII1803;Coordenador;Administrativo;BAC;DB;Terceiro;N;RH;Não;Sim;Sim
ADIII;446;2471;Guilherme Johnson;1993-04-29;2011-04-25;;165;1608;643,2;154;554,4;;QEP4227-FBF;27;47;;101;;;213;468ADIII7150;Coordenador;Administrativo;BAC;DB;Terceiro;N;RH;Não;Sim;Sim
COV;450;3178;Luis dos Santos;1992-12-04;2015-06-07;;163;10510,5;4204,2;242;547,68;;LJL1253-YXN;114;31;;36;;;011;628COV9456;Diretor;Comercial;JAA;JE;Efetivo;S;Diretoria;Sim;Não;Sim
ADIII;466;7796;Luiza Monnerat;1994-09-16;2012-09-11;;181;919;367,6;308;608,16;;SCI9618-EDJ;139;54;;123;;;213;409ADIII6202;Coordenador;Administrativo;BAC;DB;Terceiro;N;RH;Não;Sim;Sim
COV;479;1217;João da Silva ;1979-11-23;2015-09-01;;223;10898;4359,2;242;749,28;;QGP4693-PCR;49;54;;0;;;011;630COV4088;Diretor;Comercial;JAA;JE;Efetivo;S;Diretoria;Sim;Não;Sim
ADIII;490;3726;Pedro Jardim;1992-03-08;2015-01-12;;173;5585,5;2234,2;286;581,28;;XRF9452-JGO;106;49;;120;;;213;412ADIII5761;Coordenador;Administrativo;BAC;DB;Terceiro;N;RH;Não;Sim;Sim
ADIII;498;5238;Luize da Costa;1980-11-28;2013-01-12;;151;8581;3432,4;176;507,36;;ORU6967-XQG;139;56;;11;;;213;413ADIII8974;Coordenador;Administrativo;BAC;DB;Terceiro;N;RH;Não;Sim;Sim
COV;502;4058;Mateus Novaes Silva;1975-06-19;2007-09-29;;225;12035;4814;308;756;;VCL8538-VFP;133;44;;197;;;011;575COV8515;Diretor;Comercial;JAA;JE;Efetivo;S;Diretoria;Sim;Não;Sim
ADIII;513;4157;João Monteiro;1991-05-09;2009-05-04;;173;3227,5;1291;154;581,28;;MFU8949-QYK;32;59;;8;;;213;314ADIII4881;Coordenador;Administrativo;BAC;DB;Terceiro;N;RH;Não;Sim;Sim
